Start,Stop,Type,Bus,Year,Month,Week,Hour,Counts
"臺中火車站","國立臺中科技大學","代幣全","B108","2015","1","Sat","19","4"
"臺中火車站","國立臺中科技大學","代幣全","B108","2015","2","Sat","19","4"
"臺中火車站","國立臺中科技大學","代幣全","B108","2015","4","Sat","19","4"
"臺中火車站","國立臺中科技大學","代幣全","B108","2015","5","Sat","19","8"
"臺中火車站","國立臺中科技大學","代幣全","B108","2015","10","Sat","19","2"
"臺中火車站","國立臺中科技大學","代幣全","B108","2015","1","Sat","20","8"
"臺中火車站","國立臺中科技大學","代幣全","B108","2015","2","Sat","20","6"
"臺中火車站","國立臺中科技大學","代幣全","B108","2015","4","Sat","20","6"
"臺中火車站","國立臺中科技大學","代幣全","B108","2015","5","Sat","20","2"
"臺中火車站","國立臺中科技大學","代幣全","B108","2015","10","Sat","20","4"
"臺中火車站","國立臺中科技大學","代幣全","B108","2015","11","Sat","20","3"
"臺中火車站","國立臺中科技大學","代幣全","B108","2015","12","Sat","20","3"
"臺中火車站","國立臺中科技大學","代幣全","B108","2015","1","Sat","21","1"
"臺中火車站","國立臺中科技大學","代幣全","B108","2015","2","Sat","21","2"
"臺中火車站","國立臺中科技大學","代幣全","B108","2015","4","Sat","21","1"
"臺中火車站","國立臺中科技大學","代幣全","B108","2015","10","Sat","21","1"
"臺中火車站","國立臺中科技大學","代幣全","B108","2015","11","Sat","21","3"
"臺中火車站","國立臺中科技大學","代幣全","B108","2015","12","Sat","21","1"
"臺中火車站","國立臺中科技大學","代幣全","B108","2015","1","Sun","6","1"
"臺中火車站","國立臺中科技大學","代幣全","B108","2015","10","Sun","6","1"
"臺中火車站","國立臺中科技大學","代幣全","B108","2015","5","Sun","7","1"
"臺中火車站","國立臺中科技大學","代幣全","B108","2015","11","Sun","7","1"
"臺中火車站","國立臺中科技大學","代幣全","B108","2015","4","Sun","8","4"
"臺中火車站","國立臺中科技大學","代幣全","B108","2015","10","Sun","8","1"
"臺中火車站","國立臺中科技大學","代幣全","B108","2015","1","Sun","9","3"
"臺中火車站","國立臺中科技大學","代幣全","B108","2015","2","Sun","9","2"
"臺中火車站","國立臺中科技大學","代幣全","B108","2015","10","Sun","9","1"
"臺中火車站","國立臺中科技大學","代幣全","B108","2015","11","Sun","9","1"
"臺中火車站","國立臺中科技大學","代幣全","B108","2015","1","Sun","10","2"
"臺中火車站","國立臺中科技大學","代幣全","B108","2015","2","Sun","10","4"
"臺中火車站","國立臺中科技大學","代幣全","B108","2015","4","Sun","10","4"
"臺中火車站","國立臺中科技大學","代幣全","B108","2015","5","Sun","10","1"
"臺中火車站","國立臺中科技大學","代幣全","B108","2015","10","Sun","10","3"
"臺中火車站","國立臺中科技大學","代幣全","B108","2015","11","Sun","10","5"
"臺中火車站","國立臺中科技大學","代幣全","B108","2015","12","Sun","10","7"
"臺中火車站","國立臺中科技大學","代幣全","B108","2015","1","Sun","11","1"
"臺中火車站","國立臺中科技大學","代幣全","B108","2015","2","Sun","11","2"
"臺中火車站","國立臺中科技大學","代幣全","B108","2015","4","Sun","11","4"
"臺中火車站","國立臺中科技大學","代幣全","B108","2015","5","Sun","11","8"
"臺中火車站","國立臺中科技大學","代幣全","B108","2015","10","Sun","11","8"
"臺中火車站","國立臺中科技大學","代幣全","B108","2015","11","Sun","11","3"
"臺中火車站","國立臺中科技大學","代幣全","B108","2015","12","Sun","11","10"
"臺中火車站","國立臺中科技大學","代幣全","B108","2015","1","Sun","12","5"
"臺中火車站","國立臺中科技大學","代幣全","B108","2015","10","Sun","12","2"
"臺中火車站","國立臺中科技大學","代幣全","B108","2015","11","Sun","12","5"
"臺中火車站","國立臺中科技大學","代幣全","B108","2015","2","Sun","13","2"
"臺中火車站","國立臺中科技大學","代幣全","B108","2015","5","Sun","13","3"
"臺中火車站","國立臺中科技大學","代幣全","B108","2015","11","Sun","13","1"
"臺中火車站","國立臺中科技大學","代幣全","B108","2015","2","Sun","14","1"
"臺中火車站","國立臺中科技大學","代幣全","B108","2015","5","Sun","14","3"
"臺中火車站","國立臺中科技大學","代幣全","B108","2015","10","Sun","14","5"
"臺中火車站","國立臺中科技大學","代幣全","B108","2015","1","Sun","15","9"
"臺中火車站","國立臺中科技大學","代幣全","B108","2015","4","Sun","15","3"
"臺中火車站","國立臺中科技大學","代幣全","B108","2015","10","Sun","15","1"
"臺中火車站","國立臺中科技大學","代幣全","B108","2015","11","Sun","15","1"
"臺中火車站","國立臺中科技大學","代幣全","B108","2015","12","Sun","15","3"
"臺中火車站","國立臺中科技大學","代幣全","B108","2015","1","Sun","16","10"
"臺中火車站","國立臺中科技大學","代幣全","B108","2015","2","Sun","16","7"
"臺中火車站","國立臺中科技大學","代幣全","B108","2015","4","Sun","16","14"
"臺中火車站","國立臺中科技大學","代幣全","B108","2015","5","Sun","16","7"
"臺中火車站","國立臺中科技大學","代幣全","B108","2015","10","Sun","16","8"
"臺中火車站","國立臺中科技大學","代幣全","B108","2015","11","Sun","16","13"
"臺中火車站","國立臺中科技大學","代幣全","B108","2015","12","Sun","16","6"
"臺中火車站","國立臺中科技大學","代幣全","B108","2015","1","Sun","17","3"
"臺中火車站","國立臺中科技大學","代幣全","B108","2015","2","Sun","17","1"
"臺中火車站","國立臺中科技大學","代幣全","B108","2015","4","Sun","17","2"
"臺中火車站","國立臺中科技大學","代幣全","B108","2015","11","Sun","17","2"
"臺中火車站","國立臺中科技大學","代幣全","B108","2015","1","Sun","18","7"
"臺中火車站","國立臺中科技大學","代幣全","B108","2015","2","Sun","18","2"
"臺中火車站","國立臺中科技大學","代幣全","B108","2015","5","Sun","18","5"
"臺中火車站","國立臺中科技大學","代幣全","B108","2015","10","Sun","18","4"
"臺中火車站","國立臺中科技大學","代幣全","B108","2015","11","Sun","18","6"
"臺中火車站","國立臺中科技大學","代幣全","B108","2015","1","Sun","19","9"
"臺中火車站","國立臺中科技大學","代幣全","B108","2015","2","Sun","19","2"
"臺中火車站","國立臺中科技大學","代幣全","B108","2015","4","Sun","19","9"
"臺中火車站","國立臺中科技大學","代幣全","B108","2015","5","Sun","19","8"
"臺中火車站","國立臺中科技大學","代幣全","B108","2015","10","Sun","19","1"
"臺中火車站","國立臺中科技大學","代幣全","B108","2015","11","Sun","19","2"
"臺中火車站","國立臺中科技大學","中市敬老","B108","2015","4","Fri","14","6"
"臺中火車站","國立臺中科技大學","中市敬老","B108","2015","5","Fri","14","6"
"臺中火車站","國立臺中科技大學","中市敬老","B108","2015","10","Fri","14","5"
"臺中火車站","國立臺中科技大學","中市敬老","B108","2015","11","Fri","14","1"
"臺中火車站","國立臺中科技大學","中市敬老","B108","2015","1","Fri","15","11"
"臺中火車站","國立臺中科技大學","中市敬老","B108","2015","2","Fri","15","4"
"臺中火車站","國立臺中科技大學","中市敬老","B108","2015","4","Fri","15","2"
"臺中火車站","國立臺中科技大學","中市敬老","B108","2015","5","Fri","15","3"
"臺中火車站","國立臺中科技大學","中市敬老","B108","2015","12","Fri","15","1"
"臺中火車站","國立臺中科技大學","中市敬老","B108","2015","1","Fri","16","3"
"臺中火車站","國立臺中科技大學","中市敬老","B108","2015","2","Fri","16","5"
"臺中火車站","國立臺中科技大學","中市敬老","B108","2015","4","Fri","16","8"
"臺中火車站","國立臺中科技大學","中市敬老","B108","2015","5","Fri","16","5"
"臺中火車站","國立臺中科技大學","中市敬老","B108","2015","10","Fri","16","5"
"臺中火車站","國立臺中科技大學","中市敬老","B108","2015","11","Fri","16","3"
"臺中火車站","國立臺中科技大學","中市敬老","B108","2015","1","Fri","17","1"
"臺中火車站","國立臺中科技大學","中市敬老","B108","2015","2","Fri","17","4"
"臺中火車站","國立臺中科技大學","中市敬老","B108","2015","4","Fri","17","1"
"臺中火車站","國立臺中科技大學","中市敬老","B108","2015","5","Fri","17","4"
"臺中火車站","國立臺中科技大學","中市敬老","B108","2015","11","Fri","17","1"
"臺中火車站","國立臺中科技大學","中市敬老","B108","2015","12","Fri","17","2"
"臺中火車站","國立臺中科技大學","中市敬老","B108","2015","1","Fri","18","4"
"臺中火車站","國立臺中科技大學","中市敬老","B108","2015","2","Fri","18","2"
"臺中火車站","國立臺中科技大學","中市敬老","B108","2015","4","Fri","18","3"
"臺中火車站","國立臺中科技大學","中市敬老","B108","2015","5","Fri","18","2"
"臺中火車站","國立臺中科技大學","中市敬老","B108","2015","10","Fri","18","3"
"臺中火車站","國立臺中科技大學","中市敬老","B108","2015","11","Fri","18","2"
"臺中火車站","國立臺中科技大學","中市敬老","B108","2015","12","Fri","18","2"
"臺中火車站","國立臺中科技大學","中市敬老","B108","2015","1","Fri","19","2"
"臺中火車站","國立臺中科技大學","中市敬老","B108","2015","2","Fri","19","2"
"臺中火車站","國立臺中科技大學","中市敬老","B108","2015","5","Fri","19","3"
"臺中火車站","國立臺中科技大學","中市敬老","B108","2015","10","Fri","19","1"
"臺中火車站","國立臺中科技大學","中市敬老","B108","2015","1","Fri","20","6"
"臺中火車站","國立臺中科技大學","中市敬老","B108","2015","2","Fri","20","1"
"臺中火車站","國立臺中科技大學","中市敬老","B108","2015","4","Fri","20","2"
"臺中火車站","國立臺中科技大學","中市敬老","B108","2015","10","Fri","20","3"
"臺中火車站","國立臺中科技大學","中市敬老","B108","2015","11","Fri","20","3"
"臺中火車站","國立臺中科技大學","中市敬老","B108","2015","1","Fri","21","3"
"臺中火車站","國立臺中科技大學","中市敬老","B108","2015","2","Fri","21","1"
"臺中火車站","國立臺中科技大學","中市敬老","B108","2015","4","Fri","21","1"
"臺中火車站","國立臺中科技大學","中市敬老","B108","2015","5","Fri","21","2"
"臺中火車站","國立臺中科技大學","中市敬老","B108","2015","10","Fri","21","2"
"臺中火車站","國立臺中科技大學","中市敬老","B108","2015","1","Mon","6","7"
"臺中火車站","國立臺中科技大學","中市敬老","B108","2015","2","Mon","6","6"
"臺中火車站","國立臺中科技大學","中市敬老","B108","2015","4","Mon","6","10"
"臺中火車站","國立臺中科技大學","中市敬老","B108","2015","5","Mon","6","9"
"臺中火車站","國立臺中科技大學","中市敬老","B108","2015","10","Mon","6","6"
"臺中火車站","國立臺中科技大學","中市敬老","B108","2015","11","Mon","6","3"
"臺中火車站","國立臺中科技大學","中市敬老","B108","2015","12","Mon","6","2"
"臺中火車站","國立臺中科技大學","中市敬老","B108","2015","1","Mon","7","9"
"臺中火車站","國立臺中科技大學","中市敬老","B108","2015","2","Mon","7","6"
"臺中火車站","國立臺中科技大學","中市敬老","B108","2015","4","Mon","7","11"
"臺中火車站","國立臺中科技大學","中市敬老","B108","2015","5","Mon","7","5"
"臺中火車站","國立臺中科技大學","中市敬老","B108","2015","10","Mon","7","1"
"臺中火車站","國立臺中科技大學","中市敬老","B108","2015","11","Mon","7","4"
"臺中火車站","國立臺中科技大學","中市敬老","B108","2015","12","Mon","7","2"
"臺中火車站","國立臺中科技大學","中市敬老","B108","2015","1","Mon","8","6"
"臺中火車站","國立臺中科技大學","中市敬老","B108","2015","4","Mon","8","2"
"臺中火車站","國立臺中科技大學","中市敬老","B108","2015","5","Mon","8","4"
"臺中火車站","國立臺中科技大學","中市敬老","B108","2015","10","Mon","8","6"
"臺中火車站","國立臺中科技大學","中市敬老","B108","2015","11","Mon","8","3"
"臺中火車站","國立臺中科技大學","中市敬老","B108","2015","1","Mon","9","4"
"臺中火車站","國立臺中科技大學","中市敬老","B108","2015","2","Mon","9","9"
"臺中火車站","國立臺中科技大學","中市敬老","B108","2015","4","Mon","9","8"
"臺中火車站","國立臺中科技大學","中市敬老","B108","2015","5","Mon","9","4"
"臺中火車站","國立臺中科技大學","中市敬老","B108","2015","10","Mon","9","2"
"臺中火車站","國立臺中科技大學","中市敬老","B108","2015","11","Mon","9","7"
"臺中火車站","國立臺中科技大學","中市敬老","B108","2015","1","Mon","10","5"
"臺中火車站","國立臺中科技大學","中市敬老","B108","2015","2","Mon","10","10"
"臺中火車站","國立臺中科技大學","中市敬老","B108","2015","4","Mon","10","3"
"臺中火車站","國立臺中科技大學","中市敬老","B108","2015","5","Mon","10","4"
"臺中火車站","國立臺中科技大學","中市敬老","B108","2015","10","Mon","10","3"
"臺中火車站","國立臺中科技大學","中市敬老","B108","2015","11","Mon","10","8"
"臺中火車站","國立臺中科技大學","中市敬老","B108","2015","12","Mon","10","1"
"臺中火車站","國立臺中科技大學","中市敬老","B108","2015","1","Mon","11","2"
"臺中火車站","國立臺中科技大學","代幣全","B108","2015","12","Sun","19","1"
"臺中火車站","國立臺中科技大學","代幣全","B108","2015","1","Sun","20","3"
"臺中火車站","國立臺中科技大學","代幣全","B108","2015","2","Sun","20","7"
"臺中火車站","國立臺中科技大學","代幣全","B108","2015","4","Sun","20","6"
"臺中火車站","國立臺中科技大學","代幣全","B108","2015","5","Sun","20","8"
"臺中火車站","國立臺中科技大學","代幣全","B108","2015","10","Sun","20","3"
"臺中火車站","國立臺中科技大學","代幣全","B108","2015","11","Sun","20","2"
"臺中火車站","國立臺中科技大學","代幣全","B108","2015","12","Sun","20","2"
"臺中火車站","國立臺中科技大學","代幣全","B108","2015","1","Sun","21","2"
"臺中火車站","國立臺中科技大學","代幣全","B108","2015","2","Sun","21","2"
"臺中火車站","國立臺中科技大學","代幣全","B108","2015","4","Sun","21","3"
"臺中火車站","國立臺中科技大學","代幣全","B108","2015","5","Sun","21","1"
"臺中火車站","國立臺中科技大學","代幣全","B108","2015","10","Sun","21","4"
"臺中火車站","國立臺中科技大學","代幣全","B108","2015","11","Sun","21","4"
"臺中火車站","國立臺中科技大學","代幣全","B108","2015","1","Thu","6","1"
"臺中火車站","國立臺中科技大學","代幣全","B108","2015","1","Thu","7","1"
"臺中火車站","國立臺中科技大學","代幣全","B108","2015","2","Thu","7","1"
"臺中火車站","國立臺中科技大學","代幣全","B108","2015","4","Thu","7","3"
"臺中火車站","國立臺中科技大學","代幣全","B108","2015","5","Thu","7","2"
"臺中火車站","國立臺中科技大學","代幣全","B108","2015","1","Thu","8","4"
"臺中火車站","國立臺中科技大學","代幣全","B108","2015","2","Thu","8","1"
"臺中火車站","國立臺中科技大學","代幣全","B108","2015","5","Thu","8","1"
"臺中火車站","國立臺中科技大學","代幣全","B108","2015","11","Thu","8","1"
"臺中火車站","國立臺中科技大學","代幣全","B108","2015","1","Thu","9","4"
"臺中火車站","國立臺中科技大學","代幣全","B108","2015","4","Thu","9","3"
"臺中火車站","國立臺中科技大學","代幣全","B108","2015","10","Thu","9","2"
"臺中火車站","國立臺中科技大學","代幣全","B108","2015","12","Thu","9","1"
"臺中火車站","國立臺中科技大學","代幣全","B108","2015","1","Thu","10","16"
"臺中火車站","國立臺中科技大學","代幣全","B108","2015","2","Thu","10","4"
"臺中火車站","國立臺中科技大學","代幣全","B108","2015","4","Thu","10","1"
"臺中火車站","國立臺中科技大學","代幣全","B108","2015","5","Thu","10","3"
"臺中火車站","國立臺中科技大學","代幣全","B108","2015","11","Thu","10","2"
"臺中火車站","國立臺中科技大學","代幣全","B108","2015","12","Thu","10","4"
"臺中火車站","國立臺中科技大學","代幣全","B108","2015","1","Thu","11","1"
"臺中火車站","國立臺中科技大學","代幣全","B108","2015","2","Thu","11","4"
"臺中火車站","國立臺中科技大學","代幣全","B108","2015","4","Thu","11","3"
"臺中火車站","國立臺中科技大學","代幣全","B108","2015","10","Thu","11","3"
"臺中火車站","國立臺中科技大學","代幣全","B108","2015","11","Thu","11","4"
"臺中火車站","國立臺中科技大學","代幣全","B108","2015","1","Thu","12","5"
"臺中火車站","國立臺中科技大學","代幣全","B108","2015","2","Thu","12","1"
"臺中火車站","國立臺中科技大學","代幣全","B108","2015","4","Thu","12","1"
"臺中火車站","國立臺中科技大學","代幣全","B108","2015","10","Thu","12","1"
"臺中火車站","國立臺中科技大學","代幣全","B108","2015","1","Thu","13","1"
"臺中火車站","國立臺中科技大學","代幣全","B108","2015","2","Thu","13","5"
"臺中火車站","國立臺中科技大學","代幣全","B108","2015","4","Thu","13","1"
"臺中火車站","國立臺中科技大學","代幣全","B108","2015","2","Thu","14","3"
"臺中火車站","國立臺中科技大學","代幣全","B108","2015","5","Thu","14","1"
"臺中火車站","國立臺中科技大學","代幣全","B108","2015","10","Thu","14","1"
"臺中火車站","國立臺中科技大學","代幣全","B108","2015","2","Thu","15","1"
"臺中火車站","國立臺中科技大學","代幣全","B108","2015","4","Thu","15","1"
"臺中火車站","國立臺中科技大學","代幣全","B108","2015","11","Thu","15","2"
"臺中火車站","國立臺中科技大學","代幣全","B108","2015","12","Thu","15","3"
"臺中火車站","國立臺中科技大學","代幣全","B108","2015","1","Thu","16","9"
"臺中火車站","國立臺中科技大學","代幣全","B108","2015","2","Thu","16","14"
"臺中火車站","國立臺中科技大學","代幣全","B108","2015","4","Thu","16","5"
"臺中火車站","國立臺中科技大學","代幣全","B108","2015","5","Thu","16","1"
"臺中火車站","國立臺中科技大學","代幣全","B108","2015","10","Thu","16","3"
"臺中火車站","國立臺中科技大學","代幣全","B108","2015","11","Thu","16","3"
"臺中火車站","國立臺中科技大學","代幣全","B108","2015","12","Thu","16","1"
"臺中火車站","國立臺中科技大學","代幣全","B108","2015","1","Thu","17","2"
"臺中火車站","國立臺中科技大學","代幣全","B108","2015","2","Thu","17","4"
"臺中火車站","國立臺中科技大學","代幣全","B108","2015","10","Thu","17","1"
"臺中火車站","國立臺中科技大學","代幣全","B108","2015","1","Thu","18","3"
"臺中火車站","國立臺中科技大學","代幣全","B108","2015","2","Thu","18","2"
"臺中火車站","國立臺中科技大學","代幣全","B108","2015","4","Thu","18","3"
"臺中火車站","國立臺中科技大學","代幣全","B108","2015","10","Thu","18","3"
"臺中火車站","國立臺中科技大學","代幣全","B108","2015","1","Thu","19","2"
"臺中火車站","國立臺中科技大學","代幣全","B108","2015","2","Thu","19","2"
"臺中火車站","國立臺中科技大學","代幣全","B108","2015","4","Thu","19","1"
"臺中火車站","國立臺中科技大學","代幣全","B108","2015","5","Thu","19","1"
"臺中火車站","國立臺中科技大學","代幣全","B108","2015","10","Thu","19","2"
"臺中火車站","國立臺中科技大學","代幣全","B108","2015","1","Thu","20","2"
"臺中火車站","國立臺中科技大學","代幣全","B108","2015","2","Thu","20","7"
"臺中火車站","國立臺中科技大學","代幣全","B108","2015","5","Thu","20","1"
"臺中火車站","國立臺中科技大學","代幣全","B108","2015","12","Thu","20","1"
"臺中火車站","國立臺中科技大學","代幣全","B108","2015","1","Thu","21","2"
"臺中火車站","國立臺中科技大學","代幣全","B108","2015","2","Thu","21","1"
"臺中火車站","國立臺中科技大學","代幣全","B108","2015","4","Thu","21","2"
"臺中火車站","國立臺中科技大學","代幣全","B108","2015","5","Thu","21","1"
"臺中火車站","國立臺中科技大學","代幣全","B108","2015","12","Thu","21","3"
"臺中火車站","國立臺中科技大學","代幣全","B108","2015","1","Tue","6","1"
"臺中火車站","國立臺中科技大學","代幣全","B108","2015","2","Tue","6","1"
"臺中火車站","國立臺中科技大學","代幣全","B108","2015","4","Tue","6","2"
"臺中火車站","國立臺中科技大學","代幣全","B108","2015","11","Tue","6","1"
"臺中火車站","國立臺中科技大學","代幣全","B108","2015","1","Tue","7","4"
"臺中火車站","國立臺中科技大學","代幣全","B108","2015","2","Tue","7","3"
"臺中火車站","國立臺中科技大學","代幣全","B108","2015","4","Tue","7","1"
"臺中火車站","國立臺中科技大學","代幣全","B108","2015","5","Tue","7","2"
"臺中火車站","國立臺中科技大學","代幣全","B108","2015","11","Tue","7","1"
"臺中火車站","國立臺中科技大學","代幣全","B108","2015","1","Tue","8","1"
"臺中火車站","國立臺中科技大學","代幣全","B108","2015","5","Tue","8","1"
"臺中火車站","國立臺中科技大學","代幣全","B108","2015","10","Tue","8","2"
"臺中火車站","國立臺中科技大學","代幣全","B108","2015","1","Tue","9","1"
"臺中火車站","國立臺中科技大學","代幣全","B108","2015","2","Tue","9","1"
"臺中火車站","國立臺中科技大學","代幣全","B108","2015","4","Tue","9","1"
"臺中火車站","國立臺中科技大學","代幣全","B108","2015","5","Tue","9","1"
"臺中火車站","國立臺中科技大學","代幣全","B108","2015","1","Tue","10","1"
"臺中火車站","國立臺中科技大學","代幣全","B108","2015","2","Tue","10","1"
"臺中火車站","國立臺中科技大學","代幣全","B108","2015","4","Tue","10","2"
"臺中火車站","國立臺中科技大學","代幣全","B108","2015","5","Tue","10","1"
"臺中火車站","國立臺中科技大學","代幣全","B108","2015","10","Tue","10","3"
"臺中火車站","國立臺中科技大學","代幣全","B108","2015","11","Tue","10","2"
"臺中火車站","國立臺中科技大學","代幣全","B108","2015","12","Tue","10","2"
"臺中火車站","國立臺中科技大學","代幣全","B108","2015","1","Tue","11","2"
"臺中火車站","國立臺中科技大學","代幣全","B108","2015","2","Tue","11","3"
"臺中火車站","國立臺中科技大學","代幣全","B108","2015","4","Tue","11","6"
"臺中火車站","國立臺中科技大學","代幣全","B108","2015","5","Tue","11","4"
"臺中火車站","國立臺中科技大學","代幣全","B108","2015","10","Tue","11","3"
"臺中火車站","國立臺中科技大學","代幣全","B108","2015","11","Tue","11","3"
"臺中火車站","國立臺中科技大學","代幣全","B108","2015","12","Tue","11","4"
"臺中火車站","國立臺中科技大學","代幣全","B108","2015","2","Tue","12","1"
"臺中火車站","國立臺中科技大學","代幣全","B108","2015","11","Tue","12","2"
"臺中火車站","國立臺中科技大學","代幣全","B108","2015","1","Tue","13","1"
"臺中火車站","國立臺中科技大學","代幣全","B108","2015","4","Tue","13","1"
"臺中火車站","國立臺中科技大學","代幣全","B108","2015","1","Tue","14","4"
"臺中火車站","國立臺中科技大學","代幣全","B108","2015","5","Tue","14","1"
"臺中火車站","國立臺中科技大學","代幣全","B108","2015","1","Tue","15","1"
"臺中火車站","國立臺中科技大學","代幣全","B108","2015","2","Tue","15","1"
"臺中火車站","國立臺中科技大學","代幣全","B108","2015","4","Tue","15","2"
"臺中火車站","國立臺中科技大學","代幣全","B108","2015","1","Tue","16","1"
"臺中火車站","國立臺中科技大學","代幣全","B108","2015","2","Tue","16","7"
"臺中火車站","國立臺中科技大學","代幣全","B108","2015","4","Tue","16","5"
"臺中火車站","國立臺中科技大學","代幣全","B108","2015","5","Tue","16","4"
"臺中火車站","國立臺中科技大學","代幣全","B108","2015","10","Tue","16","1"
"臺中火車站","國立臺中科技大學","代幣全","B108","2015","11","Tue","16","3"
"臺中火車站","國立臺中科技大學","代幣全","B108","2015","12","Tue","16","1"
"臺中火車站","國立臺中科技大學","代幣全","B108","2015","1","Tue","18","1"
"臺中火車站","國立臺中科技大學","代幣全","B108","2015","4","Tue","18","1"
"臺中火車站","國立臺中科技大學","代幣全","B108","2015","1","Tue","19","3"
"臺中火車站","國立臺中科技大學","代幣全","B108","2015","2","Tue","19","5"
"臺中火車站","國立臺中科技大學","代幣全","B108","2015","4","Tue","19","1"
"臺中火車站","國立臺中科技大學","代幣全","B108","2015","5","Tue","19","1"
"臺中火車站","國立臺中科技大學","代幣全","B108","2015","10","Tue","19","2"
"臺中火車站","國立臺中科技大學","代幣全","B108","2015","12","Tue","19","2"
"臺中火車站","國立臺中科技大學","代幣全","B108","2015","1","Tue","20","1"
"臺中火車站","國立臺中科技大學","代幣全","B108","2015","2","Tue","20","3"
"臺中火車站","國立臺中科技大學","代幣全","B108","2015","4","Tue","20","1"
"臺中火車站","國立臺中科技大學","代幣全","B108","2015","5","Tue","20","1"
"臺中火車站","國立臺中科技大學","代幣全","B108","2015","11","Tue","20","2"
"臺中火車站","國立臺中科技大學","代幣全","B108","2015","12","Tue","20","4"
"臺中火車站","國立臺中科技大學","中市敬老","B108","2015","2","Mon","11","8"
"臺中火車站","國立臺中科技大學","中市敬老","B108","2015","4","Mon","11","1"
"臺中火車站","國立臺中科技大學","中市敬老","B108","2015","5","Mon","11","3"
"臺中火車站","國立臺中科技大學","中市敬老","B108","2015","10","Mon","11","1"
"臺中火車站","國立臺中科技大學","中市敬老","B108","2015","11","Mon","11","4"
"臺中火車站","國立臺中科技大學","中市敬老","B108","2015","1","Mon","12","5"
"臺中火車站","國立臺中科技大學","中市敬老","B108","2015","4","Mon","12","4"
"臺中火車站","國立臺中科技大學","中市敬老","B108","2015","5","Mon","12","1"
"臺中火車站","國立臺中科技大學","中市敬老","B108","2015","10","Mon","12","3"
"臺中火車站","國立臺中科技大學","中市敬老","B108","2015","11","Mon","12","3"
"臺中火車站","國立臺中科技大學","中市敬老","B108","2015","12","Mon","12","1"
"臺中火車站","國立臺中科技大學","中市敬老","B108","2015","1","Mon","13","4"
"臺中火車站","國立臺中科技大學","中市敬老","B108","2015","2","Mon","13","7"
"臺中火車站","國立臺中科技大學","中市敬老","B108","2015","4","Mon","13","3"
"臺中火車站","國立臺中科技大學","中市敬老","B108","2015","5","Mon","13","3"
"臺中火車站","國立臺中科技大學","中市敬老","B108","2015","10","Mon","13","2"
"臺中火車站","國立臺中科技大學","中市敬老","B108","2015","11","Mon","13","3"
"臺中火車站","國立臺中科技大學","中市敬老","B108","2015","1","Mon","14","1"
"臺中火車站","國立臺中科技大學","中市敬老","B108","2015","2","Mon","14","3"
"臺中火車站","國立臺中科技大學","中市敬老","B108","2015","4","Mon","14","3"
"臺中火車站","國立臺中科技大學","中市敬老","B108","2015","5","Mon","14","2"
"臺中火車站","國立臺中科技大學","中市敬老","B108","2015","10","Mon","14","2"
"臺中火車站","國立臺中科技大學","中市敬老","B108","2015","1","Mon","15","3"
"臺中火車站","國立臺中科技大學","中市敬老","B108","2015","2","Mon","15","3"
"臺中火車站","國立臺中科技大學","中市敬老","B108","2015","4","Mon","15","2"
"臺中火車站","國立臺中科技大學","中市敬老","B108","2015","10","Mon","15","4"
"臺中火車站","國立臺中科技大學","中市敬老","B108","2015","11","Mon","15","1"
"臺中火車站","國立臺中科技大學","中市敬老","B108","2015","1","Mon","16","3"
"臺中火車站","國立臺中科技大學","中市敬老","B108","2015","2","Mon","16","3"
"臺中火車站","國立臺中科技大學","中市敬老","B108","2015","4","Mon","16","3"
"臺中火車站","國立臺中科技大學","中市敬老","B108","2015","5","Mon","16","5"
"臺中火車站","國立臺中科技大學","中市敬老","B108","2015","10","Mon","16","3"
"臺中火車站","國立臺中科技大學","中市敬老","B108","2015","11","Mon","16","3"
"臺中火車站","國立臺中科技大學","中市敬老","B108","2015","12","Mon","16","1"
"臺中火車站","國立臺中科技大學","中市敬老","B108","2015","1","Mon","17","3"
"臺中火車站","國立臺中科技大學","中市敬老","B108","2015","4","Mon","17","4"
"臺中火車站","國立臺中科技大學","中市敬老","B108","2015","5","Mon","17","2"
"臺中火車站","國立臺中科技大學","中市敬老","B108","2015","12","Mon","17","1"
"臺中火車站","國立臺中科技大學","中市敬老","B108","2015","1","Mon","18","5"
"臺中火車站","國立臺中科技大學","中市敬老","B108","2015","2","Mon","18","6"
"臺中火車站","國立臺中科技大學","中市敬老","B108","2015","4","Mon","18","1"
"臺中火車站","國立臺中科技大學","中市敬老","B108","2015","10","Mon","18","6"
"臺中火車站","國立臺中科技大學","中市敬老","B108","2015","11","Mon","18","3"
"臺中火車站","國立臺中科技大學","中市敬老","B108","2015","1","Mon","19","3"
"臺中火車站","國立臺中科技大學","中市敬老","B108","2015","2","Mon","19","3"
"臺中火車站","國立臺中科技大學","中市敬老","B108","2015","5","Mon","19","1"
"臺中火車站","國立臺中科技大學","中市敬老","B108","2015","11","Mon","19","1"
"臺中火車站","國立臺中科技大學","中市敬老","B108","2015","12","Mon","19","1"
"臺中火車站","國立臺中科技大學","中市敬老","B108","2015","2","Mon","20","3"
"臺中火車站","國立臺中科技大學","中市敬老","B108","2015","4","Mon","20","1"
"臺中火車站","國立臺中科技大學","中市敬老","B108","2015","10","Mon","20","1"
"臺中火車站","國立臺中科技大學","中市敬老","B108","2015","12","Mon","20","1"
"臺中火車站","國立臺中科技大學","中市敬老","B108","2015","1","Mon","21","1"
"臺中火車站","國立臺中科技大學","中市敬老","B108","2015","2","Mon","21","1"
"臺中火車站","國立臺中科技大學","中市敬老","B108","2015","5","Mon","21","1"
"臺中火車站","國立臺中科技大學","中市敬老","B108","2015","11","Mon","21","2"
"臺中火車站","國立臺中科技大學","中市敬老","B108","2015","1","Sat","6","6"
"臺中火車站","國立臺中科技大學","中市敬老","B108","2015","4","Sat","6","3"
"臺中火車站","國立臺中科技大學","中市敬老","B108","2015","5","Sat","6","5"
"臺中火車站","國立臺中科技大學","中市敬老","B108","2015","10","Sat","6","1"
"臺中火車站","國立臺中科技大學","中市敬老","B108","2015","1","Sat","7","12"
"臺中火車站","國立臺中科技大學","中市敬老","B108","2015","2","Sat","7","11"
"臺中火車站","國立臺中科技大學","中市敬老","B108","2015","4","Sat","7","6"
"臺中火車站","國立臺中科技大學","中市敬老","B108","2015","5","Sat","7","6"
"臺中火車站","國立臺中科技大學","中市敬老","B108","2015","10","Sat","7","2"
"臺中火車站","國立臺中科技大學","中市敬老","B108","2015","11","Sat","7","1"
"臺中火車站","國立臺中科技大學","中市敬老","B108","2015","1","Sat","8","6"
"臺中火車站","國立臺中科技大學","中市敬老","B108","2015","2","Sat","8","5"
"臺中火車站","國立臺中科技大學","中市敬老","B108","2015","4","Sat","8","4"
"臺中火車站","國立臺中科技大學","中市敬老","B108","2015","5","Sat","8","5"
"臺中火車站","國立臺中科技大學","中市敬老","B108","2015","10","Sat","8","5"
"臺中火車站","國立臺中科技大學","中市敬老","B108","2015","1","Sat","9","8"
"臺中火車站","國立臺中科技大學","中市敬老","B108","2015","2","Sat","9","10"
"臺中火車站","國立臺中科技大學","中市敬老","B108","2015","4","Sat","9","6"
"臺中火車站","國立臺中科技大學","中市敬老","B108","2015","5","Sat","9","4"
"臺中火車站","國立臺中科技大學","半票","B108","2015","10","Fri","5","1"
"臺中火車站","國立臺中科技大學","半票","B108","2015","1","Fri","6","1"
"臺中火車站","國立臺中科技大學","半票","B108","2015","10","Fri","6","2"
"臺中火車站","國立臺中科技大學","半票","B108","2015","11","Fri","6","3"
"臺中火車站","國立臺中科技大學","半票","B108","2015","12","Fri","6","3"
"臺中火車站","國立臺中科技大學","半票","B108","2015","4","Fri","7","1"
"臺中火車站","國立臺中科技大學","半票","B108","2015","5","Fri","7","1"
"臺中火車站","國立臺中科技大學","半票","B108","2015","10","Fri","7","4"
"臺中火車站","國立臺中科技大學","半票","B108","2015","12","Fri","7","6"
"臺中火車站","國立臺中科技大學","半票","B108","2015","12","Thu","12","1"
"臺中火車站","國立臺中科技大學","半票","B108","2015","2","Thu","13","2"
"臺中火車站","國立臺中科技大學","半票","B108","2015","10","Thu","13","1"
"臺中火車站","國立臺中科技大學","半票","B108","2015","12","Thu","13","1"
"臺中火車站","國立臺中科技大學","半票","B108","2015","1","Thu","14","1"
"臺中火車站","國立臺中科技大學","半票","B108","2015","2","Thu","14","1"
"臺中火車站","國立臺中科技大學","半票","B108","2015","4","Thu","14","1"
"臺中火車站","國立臺中科技大學","半票","B108","2015","11","Thu","14","1"
"臺中火車站","國立臺中科技大學","半票","B108","2015","4","Thu","15","1"
"臺中火車站","國立臺中科技大學","半票","B108","2015","11","Thu","15","1"
"臺中火車站","國立臺中科技大學","半票","B108","2015","12","Thu","15","2"
"臺中火車站","國立臺中科技大學","半票","B108","2015","1","Thu","16","1"
"臺中火車站","國立臺中科技大學","半票","B108","2015","4","Thu","16","4"
"臺中火車站","國立臺中科技大學","半票","B108","2015","5","Thu","16","3"
"臺中火車站","國立臺中科技大學","半票","B108","2015","10","Thu","16","1"
"臺中火車站","國立臺中科技大學","半票","B108","2015","11","Thu","16","2"
"臺中火車站","國立臺中科技大學","半票","B108","2015","5","Thu","17","1"
"臺中火車站","國立臺中科技大學","半票","B108","2015","10","Thu","17","1"
"臺中火車站","國立臺中科技大學","半票","B108","2015","12","Thu","17","2"
"臺中火車站","國立臺中科技大學","半票","B108","2015","1","Thu","18","1"
"臺中火車站","國立臺中科技大學","半票","B108","2015","2","Thu","18","1"
"臺中火車站","國立臺中科技大學","半票","B108","2015","4","Thu","18","2"
"臺中火車站","國立臺中科技大學","半票","B108","2015","5","Thu","18","1"
"臺中火車站","國立臺中科技大學","半票","B108","2015","11","Thu","18","1"
"臺中火車站","國立臺中科技大學","半票","B108","2015","12","Thu","18","1"
"臺中火車站","國立臺中科技大學","半票","B108","2015","1","Thu","19","1"
"臺中火車站","國立臺中科技大學","半票","B108","2015","2","Thu","19","1"
"臺中火車站","國立臺中科技大學","半票","B108","2015","4","Thu","19","2"
"臺中火車站","國立臺中科技大學","半票","B108","2015","10","Thu","19","3"
"臺中火車站","國立臺中科技大學","半票","B108","2015","11","Thu","19","1"
"臺中火車站","國立臺中科技大學","半票","B108","2015","12","Thu","19","1"
"臺中火車站","國立臺中科技大學","半票","B108","2015","1","Thu","20","1"
"臺中火車站","國立臺中科技大學","半票","B108","2015","10","Thu","20","3"
"臺中火車站","國立臺中科技大學","半票","B108","2015","12","Thu","20","1"
"臺中火車站","國立臺中科技大學","半票","B108","2015","5","Thu","21","1"
"臺中火車站","國立臺中科技大學","半票","B108","2015","10","Thu","21","3"
"臺中火車站","國立臺中科技大學","半票","B108","2015","12","Thu","21","1"
"臺中火車站","國立臺中科技大學","半票","B108","2015","1","Tue","6","2"
"臺中火車站","國立臺中科技大學","半票","B108","2015","2","Tue","6","1"
"臺中火車站","國立臺中科技大學","半票","B108","2015","11","Tue","6","5"
"臺中火車站","國立臺中科技大學","半票","B108","2015","12","Tue","6","2"
"臺中火車站","國立臺中科技大學","半票","B108","2015","4","Tue","7","2"
"臺中火車站","國立臺中科技大學","半票","B108","2015","11","Tue","7","2"
"臺中火車站","國立臺中科技大學","半票","B108","2015","1","Tue","8","2"
"臺中火車站","國立臺中科技大學","半票","B108","2015","10","Tue","8","2"
"臺中火車站","國立臺中科技大學","半票","B108","2015","11","Tue","8","1"
"臺中火車站","國立臺中科技大學","半票","B108","2015","12","Tue","8","2"
"臺中火車站","國立臺中科技大學","半票","B108","2015","2","Tue","10","1"
"臺中火車站","國立臺中科技大學","半票","B108","2015","4","Tue","10","2"
"臺中火車站","國立臺中科技大學","半票","B108","2015","10","Tue","10","1"
"臺中火車站","國立臺中科技大學","半票","B108","2015","11","Tue","10","1"
"臺中火車站","國立臺中科技大學","半票","B108","2015","12","Tue","10","1"
"臺中火車站","國立臺中科技大學","半票","B108","2015","2","Tue","11","2"
"臺中火車站","國立臺中科技大學","半票","B108","2015","10","Tue","11","1"
"臺中火車站","國立臺中科技大學","半票","B108","2015","11","Tue","11","4"
"臺中火車站","國立臺中科技大學","半票","B108","2015","12","Tue","11","4"
"臺中火車站","國立臺中科技大學","半票","B108","2015","1","Tue","12","1"
"臺中火車站","國立臺中科技大學","半票","B108","2015","5","Tue","12","1"
"臺中火車站","國立臺中科技大學","半票","B108","2015","10","Tue","12","1"
"臺中火車站","國立臺中科技大學","半票","B108","2015","12","Tue","12","1"
"臺中火車站","國立臺中科技大學","半票","B108","2015","10","Tue","13","1"
"臺中火車站","國立臺中科技大學","半票","B108","2015","12","Tue","13","5"
"臺中火車站","國立臺中科技大學","半票","B108","2015","2","Tue","14","2"
"臺中火車站","國立臺中科技大學","半票","B108","2015","5","Tue","14","1"
"臺中火車站","國立臺中科技大學","半票","B108","2015","10","Tue","14","1"
"臺中火車站","國立臺中科技大學","半票","B108","2015","4","Tue","15","1"
"臺中火車站","國立臺中科技大學","半票","B108","2015","5","Tue","15","2"
"臺中火車站","國立臺中科技大學","半票","B108","2015","10","Tue","15","1"
"臺中火車站","國立臺中科技大學","半票","B108","2015","11","Tue","15","2"
"臺中火車站","國立臺中科技大學","中市敬老","B108","2015","10","Sat","9","5"
"臺中火車站","國立臺中科技大學","中市敬老","B108","2015","11","Sat","9","1"
"臺中火車站","國立臺中科技大學","中市敬老","B108","2015","12","Sat","9","3"
"臺中火車站","國立臺中科技大學","中市敬老","B108","2015","1","Sat","10","8"
"臺中火車站","國立臺中科技大學","中市敬老","B108","2015","2","Sat","10","3"
"臺中火車站","國立臺中科技大學","中市敬老","B108","2015","4","Sat","10","3"
"臺中火車站","國立臺中科技大學","中市敬老","B108","2015","5","Sat","10","7"
"臺中火車站","國立臺中科技大學","中市敬老","B108","2015","10","Sat","10","6"
"臺中火車站","國立臺中科技大學","中市敬老","B108","2015","11","Sat","10","4"
"臺中火車站","國立臺中科技大學","中市敬老","B108","2015","1","Sat","11","10"
"臺中火車站","國立臺中科技大學","中市敬老","B108","2015","2","Sat","11","4"
"臺中火車站","國立臺中科技大學","中市敬老","B108","2015","4","Sat","11","8"
"臺中火車站","國立臺中科技大學","中市敬老","B108","2015","5","Sat","11","4"
"臺中火車站","國立臺中科技大學","中市敬老","B108","2015","10","Sat","11","2"
"臺中火車站","國立臺中科技大學","中市敬老","B108","2015","11","Sat","11","2"
"臺中火車站","國立臺中科技大學","中市敬老","B108","2015","1","Sat","12","1"
"臺中火車站","國立臺中科技大學","中市敬老","B108","2015","2","Sat","12","2"
"臺中火車站","國立臺中科技大學","中市敬老","B108","2015","4","Sat","12","2"
"臺中火車站","國立臺中科技大學","中市敬老","B108","2015","5","Sat","12","1"
"臺中火車站","國立臺中科技大學","中市敬老","B108","2015","10","Sat","12","2"
"臺中火車站","國立臺中科技大學","中市敬老","B108","2015","11","Sat","12","1"
"臺中火車站","國立臺中科技大學","中市敬老","B108","2015","1","Sat","13","4"
"臺中火車站","國立臺中科技大學","中市敬老","B108","2015","2","Sat","13","2"
"臺中火車站","國立臺中科技大學","中市敬老","B108","2015","4","Sat","13","3"
"臺中火車站","國立臺中科技大學","中市敬老","B108","2015","5","Sat","13","3"
"臺中火車站","國立臺中科技大學","中市敬老","B108","2015","10","Sat","13","5"
"臺中火車站","國立臺中科技大學","中市敬老","B108","2015","11","Sat","13","1"
"臺中火車站","國立臺中科技大學","中市敬老","B108","2015","1","Sat","14","7"
"臺中火車站","國立臺中科技大學","中市敬老","B108","2015","2","Sat","14","1"
"臺中火車站","國立臺中科技大學","中市敬老","B108","2015","5","Sat","14","2"
"臺中火車站","國立臺中科技大學","中市敬老","B108","2015","10","Sat","14","2"
"臺中火車站","國立臺中科技大學","中市敬老","B108","2015","11","Sat","14","4"
"臺中火車站","國立臺中科技大學","中市敬老","B108","2015","1","Sat","15","6"
"臺中火車站","國立臺中科技大學","中市敬老","B108","2015","2","Sat","15","3"
"臺中火車站","國立臺中科技大學","中市敬老","B108","2015","4","Sat","15","4"
"臺中火車站","國立臺中科技大學","中市敬老","B108","2015","5","Sat","15","3"
"臺中火車站","國立臺中科技大學","中市敬老","B108","2015","10","Sat","15","3"
"臺中火車站","國立臺中科技大學","中市敬老","B108","2015","11","Sat","15","1"
"臺中火車站","國立臺中科技大學","中市敬老","B108","2015","1","Sat","16","6"
"臺中火車站","國立臺中科技大學","中市敬老","B108","2015","2","Sat","16","7"
"臺中火車站","國立臺中科技大學","中市敬老","B108","2015","4","Sat","16","2"
"臺中火車站","國立臺中科技大學","中市敬老","B108","2015","5","Sat","16","4"
"臺中火車站","國立臺中科技大學","中市敬老","B108","2015","10","Sat","16","6"
"臺中火車站","國立臺中科技大學","中市敬老","B108","2015","11","Sat","16","3"
"臺中火車站","國立臺中科技大學","中市敬老","B108","2015","12","Sat","16","2"
"臺中火車站","國立臺中科技大學","中市敬老","B108","2015","2","Sat","17","3"
"臺中火車站","國立臺中科技大學","中市敬老","B108","2015","4","Sat","17","1"
"臺中火車站","國立臺中科技大學","中市敬老","B108","2015","5","Sat","17","5"
"臺中火車站","國立臺中科技大學","中市敬老","B108","2015","10","Sat","17","1"
"臺中火車站","國立臺中科技大學","中市敬老","B108","2015","11","Sat","17","2"
"臺中火車站","國立臺中科技大學","中市敬老","B108","2015","1","Sat","18","4"
"臺中火車站","國立臺中科技大學","中市敬老","B108","2015","2","Sat","18","1"
"臺中火車站","國立臺中科技大學","中市敬老","B108","2015","4","Sat","18","4"
"臺中火車站","國立臺中科技大學","中市敬老","B108","2015","5","Sat","18","1"
"臺中火車站","國立臺中科技大學","中市敬老","B108","2015","10","Sat","18","4"
"臺中火車站","國立臺中科技大學","中市敬老","B108","2015","11","Sat","18","4"
"臺中火車站","國立臺中科技大學","中市敬老","B108","2015","1","Sat","19","2"
"臺中火車站","國立臺中科技大學","中市敬老","B108","2015","2","Sat","19","2"
"臺中火車站","國立臺中科技大學","中市敬老","B108","2015","4","Sat","19","4"
"臺中火車站","國立臺中科技大學","中市敬老","B108","2015","5","Sat","19","3"
"臺中火車站","國立臺中科技大學","中市敬老","B108","2015","10","Sat","19","3"
"臺中火車站","國立臺中科技大學","中市敬老","B108","2015","11","Sat","19","1"
"臺中火車站","國立臺中科技大學","中市敬老","B108","2015","1","Sat","20","4"
"臺中火車站","國立臺中科技大學","中市敬老","B108","2015","2","Sat","20","8"
"臺中火車站","國立臺中科技大學","中市敬老","B108","2015","4","Sat","20","4"
"臺中火車站","國立臺中科技大學","中市敬老","B108","2015","5","Sat","20","3"
"臺中火車站","國立臺中科技大學","中市敬老","B108","2015","10","Sat","20","2"
"臺中火車站","國立臺中科技大學","中市敬老","B108","2015","11","Sat","20","2"
"臺中火車站","國立臺中科技大學","中市敬老","B108","2015","1","Sat","21","1"
"臺中火車站","國立臺中科技大學","中市敬老","B108","2015","2","Sat","21","1"
"臺中火車站","國立臺中科技大學","中市敬老","B108","2015","4","Sat","21","3"
"臺中火車站","國立臺中科技大學","中市敬老","B108","2015","10","Sat","21","1"
"臺中火車站","國立臺中科技大學","中市敬老","B108","2015","1","Sun","6","2"
"臺中火車站","國立臺中科技大學","中市敬老","B108","2015","2","Sun","6","2"
"臺中火車站","國立臺中科技大學","中市敬老","B108","2015","4","Sun","6","5"
"臺中火車站","國立臺中科技大學","中市敬老","B108","2015","5","Sun","6","3"
"臺中火車站","國立臺中科技大學","中市敬老","B108","2015","10","Sun","6","3"
"臺中火車站","國立臺中科技大學","中市敬老","B108","2015","11","Sun","6","1"
"臺中火車站","國立臺中科技大學","中市敬老","B108","2015","1","Sun","7","6"
"臺中火車站","國立臺中科技大學","中市敬老","B108","2015","2","Sun","7","5"
"臺中火車站","國立臺中科技大學","中市敬老","B108","2015","4","Sun","7","9"
"臺中火車站","國立臺中科技大學","中市敬老","B108","2015","5","Sun","7","7"
"臺中火車站","國立臺中科技大學","中市敬老","B108","2015","10","Sun","7","10"
"臺中火車站","國立臺中科技大學","中市敬老","B108","2015","11","Sun","7","3"
"臺中火車站","國立臺中科技大學","中市敬老","B108","2015","12","Sun","7","2"
"臺中火車站","國立臺中科技大學","中市敬老","B108","2015","1","Sun","8","2"
"臺中火車站","國立臺中科技大學","中市敬老","B108","2015","4","Sun","8","1"
"臺中火車站","國立臺中科技大學","中市敬老","B108","2015","5","Sun","8","1"
"臺中火車站","國立臺中科技大學","中市敬老","B108","2015","12","Sun","8","1"
"臺中火車站","國立臺中科技大學","中市敬老","B108","2015","1","Sun","9","9"
"臺中火車站","國立臺中科技大學","中市敬老","B108","2015","2","Sun","9","5"
"臺中火車站","國立臺中科技大學","中市敬老","B108","2015","4","Sun","9","3"
"臺中火車站","國立臺中科技大學","中市敬老","B108","2015","5","Sun","9","1"
"臺中火車站","國立臺中科技大學","中市敬老","B108","2015","10","Sun","9","2"
"臺中火車站","國立臺中科技大學","中市敬老","B108","2015","11","Sun","9","2"
"臺中火車站","國立臺中科技大學","中市敬老","B108","2015","12","Sun","9","1"
"臺中火車站","國立臺中科技大學","中市敬老","B108","2015","1","Sun","10","9"
"臺中火車站","國立臺中科技大學","中市敬老","B108","2015","2","Sun","10","2"
"臺中火車站","國立臺中科技大學","中市敬老","B108","2015","4","Sun","10","2"
"臺中火車站","國立臺中科技大學","中市敬老","B108","2015","5","Sun","10","5"
"臺中火車站","國立臺中科技大學","中市敬老","B108","2015","10","Sun","10","1"
"臺中火車站","國立臺中科技大學","中市敬老","B108","2015","11","Sun","10","5"
"臺中火車站","國立臺中科技大學","中市敬老","B108","2015","1","Sun","11","5"
"臺中火車站","國立臺中科技大學","中市敬老","B108","2015","2","Sun","11","4"
"臺中火車站","國立臺中科技大學","中市敬老","B108","2015","4","Sun","11","4"
"臺中火車站","國立臺中科技大學","中市敬老","B108","2015","5","Sun","11","5"
"臺中火車站","國立臺中科技大學","中市敬老","B108","2015","10","Sun","11","3"
"臺中火車站","國立臺中科技大學","中市敬老","B108","2015","11","Sun","11","2"
"臺中火車站","國立臺中科技大學","中市敬老","B108","2015","1","Sun","12","3"
"臺中火車站","國立臺中科技大學","中市敬老","B108","2015","2","Sun","12","2"
"臺中火車站","國立臺中科技大學","中市敬老","B108","2015","4","Sun","12","1"
"臺中火車站","國立臺中科技大學","中市敬老","B108","2015","5","Sun","12","1"
"臺中火車站","國立臺中科技大學","中市敬老","B108","2015","10","Sun","12","2"
"臺中火車站","國立臺中科技大學","中市敬老","B108","2015","11","Sun","12","2"
"臺中火車站","國立臺中科技大學","中市敬老","B108","2015","1","Sun","13","3"
"臺中火車站","國立臺中科技大學","中市敬老","B108","2015","2","Sun","13","5"
"臺中火車站","國立臺中科技大學","中市敬老","B108","2015","4","Sun","13","1"
"臺中火車站","國立臺中科技大學","中市敬老","B108","2015","5","Sun","13","2"
"臺中火車站","國立臺中科技大學","中市敬老","B108","2015","10","Sun","13","3"
"臺中火車站","國立臺中科技大學","中市敬老","B108","2015","11","Sun","13","2"
"臺中火車站","國立臺中科技大學","中市敬老","B108","2015","12","Sun","13","1"
"臺中火車站","國立臺中科技大學","中市敬老","B108","2015","2","Sun","14","4"
"臺中火車站","國立臺中科技大學","中市敬老","B108","2015","4","Sun","14","1"
"臺中火車站","國立臺中科技大學","中市敬老","B108","2015","5","Sun","14","3"
"臺中火車站","國立臺中科技大學","中市敬老","B108","2015","10","Sun","14","4"
"臺中火車站","國立臺中科技大學","中市敬老","B108","2015","11","Sun","14","3"
"臺中火車站","國立臺中科技大學","中市敬老","B108","2015","12","Sun","14","1"
"臺中火車站","國立臺中科技大學","中市敬老","B108","2015","1","Sun","15","1"
"臺中火車站","國立臺中科技大學","中市敬老","B108","2015","2","Sun","15","3"
"臺中火車站","國立臺中科技大學","中市敬老","B108","2015","4","Sun","15","6"
"臺中火車站","國立臺中科技大學","中市敬老","B108","2015","5","Sun","15","2"
"臺中火車站","國立臺中科技大學","中市敬老","B108","2015","10","Sun","15","1"
"臺中火車站","國立臺中科技大學","中市敬老","B108","2015","11","Sun","15","2"
"臺中火車站","國立臺中科技大學","中市敬老","B108","2015","1","Sun","16","8"
"臺中火車站","國立臺中科技大學","中市敬老","B108","2015","2","Sun","16","1"
"臺中火車站","國立臺中科技大學","中市敬老","B108","2015","4","Sun","16","5"
"臺中火車站","國立臺中科技大學","中市敬老","B108","2015","5","Sun","16","7"
"臺中火車站","國立臺中科技大學","中市敬老","B108","2015","10","Sun","16","3"
"臺中火車站","國立臺中科技大學","中市敬老","B108","2015","11","Sun","16","1"
"臺中火車站","國立臺中科技大學","中市敬老","B108","2015","12","Sun","16","1"
"臺中火車站","國立臺中科技大學","中市敬老","B108","2015","2","Sun","17","2"
"臺中火車站","國立臺中科技大學","中市敬老","B108","2015","4","Sun","17","3"
"臺中火車站","國立臺中科技大學","中市敬老","B108","2015","5","Sun","17","5"
"臺中火車站","國立臺中科技大學","中市敬老","B108","2015","10","Sun","17","2"
"臺中火車站","國立臺中科技大學","中市敬老","B108","2015","11","Sun","17","2"
"臺中火車站","國立臺中科技大學","中市敬老","B108","2015","1","Sun","18","1"
"臺中火車站","國立臺中科技大學","半票","B108","2015","1","Tue","16","2"
"臺中火車站","國立臺中科技大學","半票","B108","2015","2","Tue","16","1"
"臺中火車站","國立臺中科技大學","半票","B108","2015","4","Tue","16","1"
"臺中火車站","國立臺中科技大學","半票","B108","2015","5","Tue","16","3"
"臺中火車站","國立臺中科技大學","半票","B108","2015","10","Tue","16","1"
"臺中火車站","國立臺中科技大學","半票","B108","2015","11","Tue","16","1"
"臺中火車站","國立臺中科技大學","半票","B108","2015","12","Tue","16","1"
"臺中火車站","國立臺中科技大學","半票","B108","2015","4","Tue","17","1"
"臺中火車站","國立臺中科技大學","半票","B108","2015","5","Tue","17","1"
"臺中火車站","國立臺中科技大學","半票","B108","2015","4","Tue","18","2"
"臺中火車站","國立臺中科技大學","半票","B108","2015","5","Tue","18","1"
"臺中火車站","國立臺中科技大學","半票","B108","2015","10","Tue","18","3"
"臺中火車站","國立臺中科技大學","半票","B108","2015","11","Tue","18","2"
"臺中火車站","國立臺中科技大學","半票","B108","2015","12","Tue","18","1"
"臺中火車站","國立臺中科技大學","半票","B108","2015","1","Tue","19","1"
"臺中火車站","國立臺中科技大學","半票","B108","2015","2","Tue","19","1"
"臺中火車站","國立臺中科技大學","半票","B108","2015","11","Tue","19","2"
"臺中火車站","國立臺中科技大學","半票","B108","2015","12","Tue","19","1"
"臺中火車站","國立臺中科技大學","半票","B108","2015","5","Tue","20","1"
"臺中火車站","國立臺中科技大學","半票","B108","2015","10","Tue","20","1"
"臺中火車站","國立臺中科技大學","半票","B108","2015","12","Tue","20","2"
"臺中火車站","國立臺中科技大學","半票","B108","2015","2","Tue","21","2"
"臺中火車站","國立臺中科技大學","半票","B108","2015","10","Tue","21","3"
"臺中火車站","國立臺中科技大學","半票","B108","2015","10","Wed","6","1"
"臺中火車站","國立臺中科技大學","半票","B108","2015","11","Wed","6","4"
"臺中火車站","國立臺中科技大學","半票","B108","2015","12","Wed","6","5"
"臺中火車站","國立臺中科技大學","半票","B108","2015","1","Wed","7","1"
"臺中火車站","國立臺中科技大學","半票","B108","2015","4","Wed","7","2"
"臺中火車站","國立臺中科技大學","半票","B108","2015","10","Wed","7","1"
"臺中火車站","國立臺中科技大學","半票","B108","2015","11","Wed","7","3"
"臺中火車站","國立臺中科技大學","半票","B108","2015","12","Wed","7","2"
"臺中火車站","國立臺中科技大學","半票","B108","2015","4","Wed","8","1"
"臺中火車站","國立臺中科技大學","半票","B108","2015","10","Wed","8","2"
"臺中火車站","國立臺中科技大學","半票","B108","2015","12","Wed","8","1"
"臺中火車站","國立臺中科技大學","半票","B108","2015","10","Wed","9","2"
"臺中火車站","國立臺中科技大學","半票","B108","2015","11","Wed","9","2"
"臺中火車站","國立臺中科技大學","半票","B108","2015","12","Wed","9","2"
"臺中火車站","國立臺中科技大學","半票","B108","2015","11","Wed","10","2"
"臺中火車站","國立臺中科技大學","半票","B108","2015","12","Wed","10","3"
"臺中火車站","國立臺中科技大學","半票","B108","2015","2","Wed","11","1"
"臺中火車站","國立臺中科技大學","半票","B108","2015","5","Wed","11","1"
"臺中火車站","國立臺中科技大學","半票","B108","2015","10","Wed","11","2"
"臺中火車站","國立臺中科技大學","半票","B108","2015","11","Wed","11","1"
"臺中火車站","國立臺中科技大學","半票","B108","2015","12","Wed","11","4"
"臺中火車站","國立臺中科技大學","全票","B108","2015","5","Fri","9","33"
"臺中火車站","國立臺中科技大學","全票","B108","2015","10","Fri","9","65"
"臺中火車站","國立臺中科技大學","全票","B108","2015","11","Fri","9","72"
"臺中火車站","國立臺中科技大學","全票","B108","2015","12","Fri","9","46"
"臺中火車站","國立臺中科技大學","全票","B108","2015","1","Fri","10","38"
"臺中火車站","國立臺中科技大學","全票","B108","2015","2","Fri","10","40"
"臺中火車站","國立臺中科技大學","全票","B108","2015","4","Fri","10","27"
"臺中火車站","國立臺中科技大學","全票","B108","2015","5","Fri","10","32"
"臺中火車站","國立臺中科技大學","全票","B108","2015","10","Fri","10","46"
"臺中火車站","國立臺中科技大學","全票","B108","2015","11","Fri","10","26"
"臺中火車站","國立臺中科技大學","全票","B108","2015","12","Fri","10","28"
"臺中火車站","國立臺中科技大學","全票","B108","2015","1","Fri","11","36"
"臺中火車站","國立臺中科技大學","全票","B108","2015","2","Fri","11","22"
"臺中火車站","國立臺中科技大學","全票","B108","2015","4","Fri","11","26"
"臺中火車站","國立臺中科技大學","全票","B108","2015","5","Fri","11","43"
"臺中火車站","國立臺中科技大學","全票","B108","2015","10","Fri","11","32"
"臺中火車站","國立臺中科技大學","全票","B108","2015","11","Fri","11","28"
"臺中火車站","國立臺中科技大學","全票","B108","2015","12","Fri","11","42"
"臺中火車站","國立臺中科技大學","全票","B108","2015","1","Fri","12","41"
"臺中火車站","國立臺中科技大學","全票","B108","2015","2","Fri","12","34"
"臺中火車站","國立臺中科技大學","全票","B108","2015","4","Fri","12","40"
"臺中火車站","國立臺中科技大學","全票","B108","2015","5","Fri","12","45"
"臺中火車站","國立臺中科技大學","全票","B108","2015","10","Fri","12","45"
"臺中火車站","國立臺中科技大學","全票","B108","2015","11","Fri","12","44"
"臺中火車站","國立臺中科技大學","全票","B108","2015","12","Fri","12","49"
"臺中火車站","國立臺中科技大學","全票","B108","2015","1","Fri","13","40"
"臺中火車站","國立臺中科技大學","全票","B108","2015","2","Fri","13","32"
"臺中火車站","國立臺中科技大學","全票","B108","2015","4","Fri","13","22"
"臺中火車站","國立臺中科技大學","全票","B108","2015","5","Fri","13","32"
"臺中火車站","國立臺中科技大學","全票","B108","2015","10","Fri","13","29"
"臺中火車站","國立臺中科技大學","全票","B108","2015","11","Fri","13","36"
"臺中火車站","國立臺中科技大學","全票","B108","2015","12","Fri","13","18"
"臺中火車站","國立臺中科技大學","全票","B108","2015","1","Fri","14","29"
"臺中火車站","國立臺中科技大學","全票","B108","2015","2","Fri","14","18"
"臺中火車站","國立臺中科技大學","外縣敬老","B108","2015","1","Sat","13","2"
"臺中火車站","國立臺中科技大學","外縣敬老","B108","2015","2","Sat","13","3"
"臺中火車站","國立臺中科技大學","外縣敬老","B108","2015","4","Sat","13","4"
"臺中火車站","國立臺中科技大學","外縣敬老","B108","2015","5","Sat","13","6"
"臺中火車站","國立臺中科技大學","外縣敬老","B108","2015","10","Sat","13","2"
"臺中火車站","國立臺中科技大學","外縣敬老","B108","2015","11","Sat","13","2"
"臺中火車站","國立臺中科技大學","外縣敬老","B108","2015","12","Sat","13","4"
"臺中火車站","國立臺中科技大學","外縣敬老","B108","2015","1","Sat","14","1"
"臺中火車站","國立臺中科技大學","外縣敬老","B108","2015","2","Sat","14","5"
"臺中火車站","國立臺中科技大學","外縣敬老","B108","2015","4","Sat","14","4"
"臺中火車站","國立臺中科技大學","外縣敬老","B108","2015","5","Sat","14","2"
"臺中火車站","國立臺中科技大學","外縣敬老","B108","2015","10","Sat","14","7"
"臺中火車站","國立臺中科技大學","外縣敬老","B108","2015","11","Sat","14","6"
"臺中火車站","國立臺中科技大學","外縣敬老","B108","2015","12","Sat","14","2"
"臺中火車站","國立臺中科技大學","外縣敬老","B108","2015","1","Sat","15","3"
"臺中火車站","國立臺中科技大學","外縣敬老","B108","2015","2","Sat","15","2"
"臺中火車站","國立臺中科技大學","外縣敬老","B108","2015","4","Sat","15","1"
"臺中火車站","國立臺中科技大學","外縣敬老","B108","2015","10","Sat","15","8"
"臺中火車站","國立臺中科技大學","外縣敬老","B108","2015","11","Sat","15","7"
"臺中火車站","國立臺中科技大學","外縣敬老","B108","2015","12","Sat","15","14"
"臺中火車站","國立臺中科技大學","外縣敬老","B108","2015","2","Sat","16","2"
"臺中火車站","國立臺中科技大學","外縣敬老","B108","2015","4","Sat","16","2"
"臺中火車站","國立臺中科技大學","外縣敬老","B108","2015","5","Sat","16","8"
"臺中火車站","國立臺中科技大學","外縣敬老","B108","2015","10","Sat","16","12"
"臺中火車站","國立臺中科技大學","外縣敬老","B108","2015","11","Sat","16","6"
"臺中火車站","國立臺中科技大學","外縣敬老","B108","2015","12","Sat","16","7"
"臺中火車站","國立臺中科技大學","外縣敬老","B108","2015","1","Sat","17","2"
"臺中火車站","國立臺中科技大學","外縣敬老","B108","2015","2","Sat","17","1"
"臺中火車站","國立臺中科技大學","外縣敬老","B108","2015","10","Sat","17","4"
"臺中火車站","國立臺中科技大學","外縣敬老","B108","2015","11","Sat","17","4"
"臺中火車站","國立臺中科技大學","外縣敬老","B108","2015","12","Sat","17","3"
"臺中火車站","國立臺中科技大學","外縣敬老","B108","2015","4","Sat","18","1"
"臺中火車站","國立臺中科技大學","外縣敬老","B108","2015","5","Sat","18","1"
"臺中火車站","國立臺中科技大學","外縣敬老","B108","2015","10","Sat","18","7"
"臺中火車站","國立臺中科技大學","外縣敬老","B108","2015","11","Sat","18","4"
"臺中火車站","國立臺中科技大學","外縣敬老","B108","2015","12","Sat","18","3"
"臺中火車站","國立臺中科技大學","外縣敬老","B108","2015","1","Sat","19","2"
"臺中火車站","國立臺中科技大學","外縣敬老","B108","2015","2","Sat","19","1"
"臺中火車站","國立臺中科技大學","外縣敬老","B108","2015","5","Sat","19","2"
"臺中火車站","國立臺中科技大學","外縣敬老","B108","2015","10","Sat","19","5"
"臺中火車站","國立臺中科技大學","外縣敬老","B108","2015","11","Sat","19","2"
"臺中火車站","國立臺中科技大學","外縣敬老","B108","2015","12","Sat","19","1"
"臺中火車站","國立臺中科技大學","外縣敬老","B108","2015","1","Sat","20","1"
"臺中火車站","國立臺中科技大學","外縣敬老","B108","2015","2","Sat","20","1"
"臺中火車站","國立臺中科技大學","外縣敬老","B108","2015","5","Sat","20","1"
"臺中火車站","國立臺中科技大學","外縣敬老","B108","2015","10","Sat","20","5"
"臺中火車站","國立臺中科技大學","外縣敬老","B108","2015","11","Sat","20","3"
"臺中火車站","國立臺中科技大學","外縣敬老","B108","2015","12","Sat","20","5"
"臺中火車站","國立臺中科技大學","外縣敬老","B108","2015","2","Sat","21","1"
"臺中火車站","國立臺中科技大學","外縣敬老","B108","2015","10","Sat","21","2"
"臺中火車站","國立臺中科技大學","外縣敬老","B108","2015","2","Sun","6","1"
"臺中火車站","國立臺中科技大學","外縣敬老","B108","2015","4","Sun","6","2"
"臺中火車站","國立臺中科技大學","外縣敬老","B108","2015","11","Sun","6","1"
"臺中火車站","國立臺中科技大學","外縣敬老","B108","2015","12","Sun","6","1"
"臺中火車站","國立臺中科技大學","外縣敬老","B108","2015","1","Sun","7","1"
"臺中火車站","國立臺中科技大學","外縣敬老","B108","2015","2","Sun","7","1"
"臺中火車站","國立臺中科技大學","外縣敬老","B108","2015","4","Sun","7","4"
"臺中火車站","國立臺中科技大學","外縣敬老","B108","2015","5","Sun","7","3"
"臺中火車站","國立臺中科技大學","外縣敬老","B108","2015","10","Sun","7","7"
"臺中火車站","國立臺中科技大學","外縣敬老","B108","2015","11","Sun","7","10"
"臺中火車站","國立臺中科技大學","外縣敬老","B108","2015","12","Sun","7","16"
"臺中火車站","國立臺中科技大學","外縣敬老","B108","2015","2","Sun","8","3"
"臺中火車站","國立臺中科技大學","外縣敬老","B108","2015","4","Sun","8","2"
"臺中火車站","國立臺中科技大學","外縣敬老","B108","2015","5","Sun","8","4"
"臺中火車站","國立臺中科技大學","外縣敬老","B108","2015","10","Sun","8","2"
"臺中火車站","國立臺中科技大學","外縣敬老","B108","2015","11","Sun","8","3"
"臺中火車站","國立臺中科技大學","外縣敬老","B108","2015","12","Sun","8","8"
"臺中火車站","國立臺中科技大學","外縣敬老","B108","2015","1","Sun","9","3"
"臺中火車站","國立臺中科技大學","外縣敬老","B108","2015","2","Sun","9","5"
"臺中火車站","國立臺中科技大學","外縣敬老","B108","2015","4","Sun","9","3"
"臺中火車站","國立臺中科技大學","外縣敬老","B108","2015","5","Sun","9","2"
"臺中火車站","國立臺中科技大學","外縣敬老","B108","2015","10","Sun","9","2"
"臺中火車站","國立臺中科技大學","外縣敬老","B108","2015","11","Sun","9","5"
"臺中火車站","國立臺中科技大學","外縣敬老","B108","2015","12","Sun","9","10"
"臺中火車站","國立臺中科技大學","外縣敬老","B108","2015","2","Sun","10","2"
"臺中火車站","國立臺中科技大學","全票","B108","2015","4","Fri","14","32"
"臺中火車站","國立臺中科技大學","全票","B108","2015","5","Fri","14","45"
"臺中火車站","國立臺中科技大學","全票","B108","2015","10","Fri","14","50"
"臺中火車站","國立臺中科技大學","全票","B108","2015","11","Fri","14","57"
"臺中火車站","國立臺中科技大學","全票","B108","2015","12","Fri","14","43"
"臺中火車站","國立臺中科技大學","全票","B108","2015","1","Fri","15","66"
"臺中火車站","國立臺中科技大學","全票","B108","2015","2","Fri","15","89"
"臺中火車站","國立臺中科技大學","全票","B108","2015","4","Fri","15","47"
"臺中火車站","國立臺中科技大學","全票","B108","2015","5","Fri","15","60"
"臺中火車站","國立臺中科技大學","全票","B108","2015","10","Fri","15","80"
"臺中火車站","國立臺中科技大學","全票","B108","2015","11","Fri","15","57"
"臺中火車站","國立臺中科技大學","全票","B108","2015","12","Fri","15","44"
"臺中火車站","國立臺中科技大學","全票","B108","2015","1","Fri","16","168"
"臺中火車站","國立臺中科技大學","全票","B108","2015","2","Fri","16","124"
"臺中火車站","國立臺中科技大學","全票","B108","2015","4","Fri","16","124"
"臺中火車站","國立臺中科技大學","全票","B108","2015","5","Fri","16","164"
"臺中火車站","國立臺中科技大學","全票","B108","2015","10","Fri","16","221"
"臺中火車站","國立臺中科技大學","全票","B108","2015","11","Fri","16","180"
"臺中火車站","國立臺中科技大學","全票","B108","2015","12","Fri","16","175"
"臺中火車站","國立臺中科技大學","全票","B108","2015","1","Fri","17","128"
"臺中火車站","國立臺中科技大學","全票","B108","2015","2","Fri","17","63"
"臺中火車站","國立臺中科技大學","全票","B108","2015","4","Fri","17","113"
"臺中火車站","國立臺中科技大學","全票","B108","2015","5","Fri","17","147"
"臺中火車站","國立臺中科技大學","全票","B108","2015","10","Fri","17","193"
"臺中火車站","國立臺中科技大學","全票","B108","2015","11","Fri","17","115"
"臺中火車站","國立臺中科技大學","全票","B108","2015","12","Fri","17","109"
"臺中火車站","國立臺中科技大學","全票","B108","2015","1","Fri","18","180"
"臺中火車站","國立臺中科技大學","全票","B108","2015","2","Fri","18","123"
"臺中火車站","國立臺中科技大學","全票","B108","2015","4","Fri","18","101"
"臺中火車站","國立臺中科技大學","全票","B108","2015","5","Fri","18","80"
"臺中火車站","國立臺中科技大學","全票","B108","2015","10","Fri","18","188"
"臺中火車站","國立臺中科技大學","全票","B108","2015","11","Fri","18","131"
"臺中火車站","國立臺中科技大學","全票","B108","2015","12","Fri","18","129"
"臺中火車站","國立臺中科技大學","全票","B108","2015","1","Fri","19","124"
"臺中火車站","國立臺中科技大學","全票","B108","2015","2","Fri","19","64"
"臺中火車站","國立臺中科技大學","全票","B108","2015","4","Fri","19","143"
"臺中火車站","國立臺中科技大學","全票","B108","2015","5","Fri","19","186"
"臺中火車站","國立臺中科技大學","全票","B108","2015","10","Fri","19","130"
"臺中火車站","國立臺中科技大學","全票","B108","2015","11","Fri","19","91"
"臺中火車站","國立臺中科技大學","全票","B108","2015","12","Fri","19","118"
"臺中火車站","國立臺中科技大學","全票","B108","2015","1","Fri","20","179"
"臺中火車站","國立臺中科技大學","全票","B108","2015","2","Fri","20","67"
"臺中火車站","國立臺中科技大學","全票","B108","2015","4","Fri","20","132"
"臺中火車站","國立臺中科技大學","全票","B108","2015","5","Fri","20","170"
"臺中火車站","國立臺中科技大學","全票","B108","2015","10","Fri","20","261"
"臺中火車站","國立臺中科技大學","全票","B108","2015","11","Fri","20","206"
"臺中火車站","國立臺中科技大學","全票","B108","2015","12","Fri","20","180"
"臺中火車站","國立臺中科技大學","全票","B108","2015","1","Fri","21","130"
"臺中火車站","國立臺中科技大學","全票","B108","2015","2","Fri","21","80"
"臺中火車站","國立臺中科技大學","全票","B108","2015","4","Fri","21","117"
"臺中火車站","國立臺中科技大學","全票","B108","2015","5","Fri","21","143"
"臺中火車站","國立臺中科技大學","全票","B108","2015","10","Fri","21","160"
"臺中火車站","國立臺中科技大學","全票","B108","2015","11","Fri","21","138"
"臺中火車站","國立臺中科技大學","全票","B108","2015","12","Fri","21","137"
"臺中火車站","國立臺中科技大學","全票","B108","2015","1","Fri","22","1"
"臺中火車站","國立臺中科技大學","全票","B108","2015","5","Fri","22","8"
"臺中火車站","國立臺中科技大學","全票","B108","2015","10","Fri","22","2"
"臺中火車站","國立臺中科技大學","全票","B108","2015","11","Fri","22","20"
"臺中火車站","國立臺中科技大學","全票","B108","2015","12","Fri","22","15"
"臺中火車站","國立臺中科技大學","全票","B108","2015","1","Mon","6","201"
"臺中火車站","國立臺中科技大學","全票","B108","2015","2","Mon","6","49"
"臺中火車站","國立臺中科技大學","全票","B108","2015","4","Mon","6","108"
"臺中火車站","國立臺中科技大學","全票","B108","2015","5","Mon","6","142"
"臺中火車站","國立臺中科技大學","全票","B108","2015","10","Mon","6","133"
"臺中火車站","國立臺中科技大學","全票","B108","2015","11","Mon","6","207"
"臺中火車站","國立臺中科技大學","全票","B108","2015","12","Mon","6","105"
"臺中火車站","國立臺中科技大學","全票","B108","2015","1","Mon","7","109"
"臺中火車站","國立臺中科技大學","全票","B108","2015","2","Mon","7","55"
"臺中火車站","國立臺中科技大學","全票","B108","2015","4","Mon","7","79"
"臺中火車站","國立臺中科技大學","全票","B108","2015","5","Mon","7","94"
"臺中火車站","國立臺中科技大學","全票","B108","2015","10","Mon","7","115"
"臺中火車站","國立臺中科技大學","全票","B108","2015","11","Mon","7","158"
"臺中火車站","國立臺中科技大學","全票","B108","2015","12","Mon","7","110"
"臺中火車站","國立臺中科技大學","全票","B108","2015","1","Mon","8","39"
"臺中火車站","國立臺中科技大學","全票","B108","2015","2","Mon","8","17"
"臺中火車站","國立臺中科技大學","全票","B108","2015","4","Mon","8","50"
"臺中火車站","國立臺中科技大學","全票","B108","2015","5","Mon","8","68"
"臺中火車站","國立臺中科技大學","全票","B108","2015","10","Mon","8","84"
"臺中火車站","國立臺中科技大學","外縣敬老","B108","2015","4","Sun","10","2"
"臺中火車站","國立臺中科技大學","外縣敬老","B108","2015","10","Sun","10","4"
"臺中火車站","國立臺中科技大學","外縣敬老","B108","2015","11","Sun","10","10"
"臺中火車站","國立臺中科技大學","外縣敬老","B108","2015","12","Sun","10","5"
"臺中火車站","國立臺中科技大學","外縣敬老","B108","2015","4","Sun","11","1"
"臺中火車站","國立臺中科技大學","外縣敬老","B108","2015","5","Sun","11","4"
"臺中火車站","國立臺中科技大學","外縣敬老","B108","2015","10","Sun","11","3"
"臺中火車站","國立臺中科技大學","外縣敬老","B108","2015","11","Sun","11","3"
"臺中火車站","國立臺中科技大學","外縣敬老","B108","2015","12","Sun","11","9"
"臺中火車站","國立臺中科技大學","外縣敬老","B108","2015","2","Sun","12","1"
"臺中火車站","國立臺中科技大學","外縣敬老","B108","2015","4","Sun","12","2"
"臺中火車站","國立臺中科技大學","外縣敬老","B108","2015","5","Sun","12","1"
"臺中火車站","國立臺中科技大學","外縣敬老","B108","2015","10","Sun","12","7"
"臺中火車站","國立臺中科技大學","外縣敬老","B108","2015","11","Sun","12","4"
"臺中火車站","國立臺中科技大學","外縣敬老","B108","2015","12","Sun","12","2"
"臺中火車站","國立臺中科技大學","外縣敬老","B108","2015","2","Sun","13","5"
"臺中火車站","國立臺中科技大學","外縣敬老","B108","2015","5","Sun","13","1"
"臺中火車站","國立臺中科技大學","外縣敬老","B108","2015","10","Sun","13","5"
"臺中火車站","國立臺中科技大學","外縣敬老","B108","2015","11","Sun","13","5"
"臺中火車站","國立臺中科技大學","外縣敬老","B108","2015","12","Sun","13","5"
"臺中火車站","國立臺中科技大學","外縣敬老","B108","2015","2","Sun","14","2"
"臺中火車站","國立臺中科技大學","外縣敬老","B108","2015","5","Sun","14","3"
"臺中火車站","國立臺中科技大學","外縣敬老","B108","2015","10","Sun","14","6"
"臺中火車站","國立臺中科技大學","外縣敬老","B108","2015","11","Sun","14","4"
"臺中火車站","國立臺中科技大學","外縣敬老","B108","2015","12","Sun","14","5"
"臺中火車站","國立臺中科技大學","外縣敬老","B108","2015","1","Sun","15","1"
"臺中火車站","國立臺中科技大學","外縣敬老","B108","2015","2","Sun","15","2"
"臺中火車站","國立臺中科技大學","外縣敬老","B108","2015","4","Sun","15","4"
"臺中火車站","國立臺中科技大學","外縣敬老","B108","2015","5","Sun","15","2"
"臺中火車站","國立臺中科技大學","外縣敬老","B108","2015","10","Sun","15","8"
"臺中火車站","國立臺中科技大學","外縣敬老","B108","2015","11","Sun","15","2"
"臺中火車站","國立臺中科技大學","外縣敬老","B108","2015","12","Sun","15","9"
"臺中火車站","國立臺中科技大學","外縣敬老","B108","2015","1","Wed","11","9"
"臺中火車站","國立臺中科技大學","外縣敬老","B108","2015","2","Wed","11","3"
"臺中火車站","國立臺中科技大學","外縣敬老","B108","2015","4","Wed","11","5"
"臺中火車站","國立臺中科技大學","外縣敬老","B108","2015","5","Wed","11","2"
"臺中火車站","國立臺中科技大學","外縣敬老","B108","2015","10","Wed","11","3"
"臺中火車站","國立臺中科技大學","外縣敬老","B108","2015","11","Wed","11","8"
"臺中火車站","國立臺中科技大學","外縣敬老","B108","2015","12","Wed","11","8"
"臺中火車站","國立臺中科技大學","外縣敬老","B108","2015","1","Wed","12","1"
"臺中火車站","國立臺中科技大學","外縣敬老","B108","2015","4","Wed","12","6"
"臺中火車站","國立臺中科技大學","外縣敬老","B108","2015","5","Wed","12","1"
"臺中火車站","國立臺中科技大學","外縣敬老","B108","2015","10","Wed","12","4"
"臺中火車站","國立臺中科技大學","外縣敬老","B108","2015","11","Wed","12","11"
"臺中火車站","國立臺中科技大學","外縣敬老","B108","2015","12","Wed","12","9"
"臺中火車站","國立臺中科技大學","外縣敬老","B108","2015","1","Wed","13","1"
"臺中火車站","國立臺中科技大學","外縣敬老","B108","2015","2","Wed","13","3"
"臺中火車站","國立臺中科技大學","外縣敬老","B108","2015","4","Wed","13","4"
"臺中火車站","國立臺中科技大學","外縣敬老","B108","2015","5","Wed","13","2"
"臺中火車站","國立臺中科技大學","外縣敬老","B108","2015","10","Wed","13","2"
"臺中火車站","國立臺中科技大學","外縣敬老","B108","2015","11","Wed","13","8"
"臺中火車站","國立臺中科技大學","外縣敬老","B108","2015","12","Wed","13","6"
"臺中火車站","國立臺中科技大學","外縣敬老","B108","2015","1","Wed","14","2"
"臺中火車站","國立臺中科技大學","外縣敬老","B108","2015","2","Wed","14","1"
"臺中火車站","國立臺中科技大學","外縣敬老","B108","2015","4","Wed","14","2"
"臺中火車站","國立臺中科技大學","外縣敬老","B108","2015","10","Wed","14","2"
"臺中火車站","國立臺中科技大學","外縣敬老","B108","2015","11","Wed","14","7"
"臺中火車站","國立臺中科技大學","外縣敬老","B108","2015","12","Wed","14","8"
"臺中火車站","國立臺中科技大學","外縣敬老","B108","2015","1","Wed","15","6"
"臺中火車站","國立臺中科技大學","外縣敬老","B108","2015","2","Wed","15","5"
"臺中火車站","國立臺中科技大學","外縣敬老","B108","2015","4","Wed","15","4"
"臺中火車站","國立臺中科技大學","外縣敬老","B108","2015","5","Wed","15","3"
"臺中火車站","國立臺中科技大學","外縣敬老","B108","2015","10","Wed","15","3"
"臺中火車站","國立臺中科技大學","外縣敬老","B108","2015","11","Wed","15","4"
"臺中火車站","國立臺中科技大學","外縣敬老","B108","2015","12","Wed","15","7"
"臺中火車站","國立臺中科技大學","外縣敬老","B108","2015","1","Wed","16","4"
"臺中火車站","國立臺中科技大學","外縣敬老","B108","2015","4","Wed","16","5"
"臺中火車站","國立臺中科技大學","外縣敬老","B108","2015","5","Wed","16","5"
"臺中火車站","國立臺中科技大學","外縣敬老","B108","2015","10","Wed","16","7"
"臺中火車站","國立臺中科技大學","外縣敬老","B108","2015","11","Wed","16","10"
"臺中火車站","國立臺中科技大學","外縣敬老","B108","2015","12","Wed","16","13"
"臺中火車站","國立臺中科技大學","外縣敬老","B108","2015","1","Wed","17","2"
"臺中火車站","國立臺中科技大學","外縣敬老","B108","2015","2","Wed","17","2"
"臺中火車站","國立臺中科技大學","外縣敬老","B108","2015","4","Wed","17","2"
"臺中火車站","國立臺中科技大學","外縣敬老","B108","2015","5","Wed","17","2"
"臺中火車站","國立臺中科技大學","全票","B108","2015","11","Mon","8","90"
"臺中火車站","國立臺中科技大學","全票","B108","2015","12","Mon","8","68"
"臺中火車站","國立臺中科技大學","全票","B108","2015","1","Sun","12","30"
"臺中火車站","國立臺中科技大學","全票","B108","2015","2","Sun","12","16"
"臺中火車站","國立臺中科技大學","全票","B108","2015","4","Sun","12","37"
"臺中火車站","國立臺中科技大學","全票","B108","2015","5","Sun","12","53"
"臺中火車站","國立臺中科技大學","全票","B108","2015","10","Sun","12","36"
"臺中火車站","國立臺中科技大學","全票","B108","2015","11","Sun","12","54"
"臺中火車站","國立臺中科技大學","全票","B108","2015","12","Sun","12","30"
"臺中火車站","國立臺中科技大學","全票","B108","2015","1","Sun","13","31"
"臺中火車站","國立臺中科技大學","全票","B108","2015","2","Sun","13","46"
"臺中火車站","國立臺中科技大學","全票","B108","2015","4","Sun","13","17"
"臺中火車站","國立臺中科技大學","全票","B108","2015","5","Sun","13","43"
"臺中火車站","國立臺中科技大學","全票","B108","2015","10","Sun","13","62"
"臺中火車站","國立臺中科技大學","全票","B108","2015","11","Sun","13","58"
"臺中火車站","國立臺中科技大學","全票","B108","2015","12","Sun","13","63"
"臺中火車站","國立臺中科技大學","全票","B108","2015","1","Sun","14","37"
"臺中火車站","國立臺中科技大學","全票","B108","2015","2","Sun","14","30"
"臺中火車站","國立臺中科技大學","全票","B108","2015","4","Sun","14","45"
"臺中火車站","國立臺中科技大學","全票","B108","2015","5","Sun","14","62"
"臺中火車站","國立臺中科技大學","全票","B108","2015","10","Sun","14","93"
"臺中火車站","國立臺中科技大學","全票","B108","2015","11","Sun","14","79"
"臺中火車站","國立臺中科技大學","全票","B108","2015","12","Sun","14","77"
"臺中火車站","國立臺中科技大學","全票","B108","2015","1","Sun","15","54"
"臺中火車站","國立臺中科技大學","全票","B108","2015","2","Sun","15","87"
"臺中火車站","國立臺中科技大學","全票","B108","2015","4","Sun","15","92"
"臺中火車站","國立臺中科技大學","全票","B108","2015","5","Sun","15","49"
"臺中火車站","國立臺中科技大學","全票","B108","2015","10","Sun","15","105"
"臺中火車站","國立臺中科技大學","全票","B108","2015","11","Sun","15","117"
"臺中火車站","國立臺中科技大學","全票","B108","2015","12","Sun","15","69"
"臺中火車站","國立臺中科技大學","全票","B108","2015","1","Sun","16","190"
"臺中火車站","國立臺中科技大學","全票","B108","2015","2","Sun","16","160"
"臺中火車站","國立臺中科技大學","全票","B108","2015","4","Sun","16","141"
"臺中火車站","國立臺中科技大學","全票","B108","2015","5","Sun","16","219"
"臺中火車站","國立臺中科技大學","全票","B108","2015","10","Sun","16","210"
"臺中火車站","國立臺中科技大學","全票","B108","2015","11","Sun","16","285"
"臺中火車站","國立臺中科技大學","全票","B108","2015","12","Sun","16","248"
"臺中火車站","國立臺中科技大學","全票","B108","2015","1","Sun","17","166"
"臺中火車站","國立臺中科技大學","全票","B108","2015","2","Sun","17","94"
"臺中火車站","國立臺中科技大學","全票","B108","2015","4","Sun","17","86"
"臺中火車站","國立臺中科技大學","全票","B108","2015","5","Sun","17","152"
"臺中火車站","國立臺中科技大學","全票","B108","2015","10","Sun","17","167"
"臺中火車站","國立臺中科技大學","全票","B108","2015","11","Sun","17","140"
"臺中火車站","國立臺中科技大學","全票","B108","2015","12","Sun","17","148"
"臺中火車站","國立臺中科技大學","全票","B108","2015","1","Sun","18","199"
"臺中火車站","國立臺中科技大學","全票","B108","2015","2","Sun","18","147"
"臺中火車站","國立臺中科技大學","全票","B108","2015","4","Sun","18","147"
"臺中火車站","國立臺中科技大學","全票","B108","2015","5","Sun","18","191"
"臺中火車站","國立臺中科技大學","全票","B108","2015","10","Sun","18","339"
"臺中火車站","國立臺中科技大學","全票","B108","2015","11","Sun","18","313"
"臺中火車站","國立臺中科技大學","全票","B108","2015","12","Sun","18","241"
"臺中火車站","國立臺中科技大學","全票","B108","2015","1","Sun","19","146"
"臺中火車站","國立臺中科技大學","全票","B108","2015","2","Sun","19","72"
"臺中火車站","國立臺中科技大學","全票","B108","2015","4","Sun","19","165"
"臺中火車站","國立臺中科技大學","全票","B108","2015","5","Sun","19","228"
"臺中火車站","國立臺中科技大學","全票","B108","2015","10","Sun","19","216"
"臺中火車站","國立臺中科技大學","全票","B108","2015","11","Sun","19","214"
"臺中火車站","國立臺中科技大學","全票","B108","2015","12","Sun","19","171"
"臺中火車站","國立臺中科技大學","全票","B108","2015","1","Sun","20","182"
"臺中火車站","國立臺中科技大學","全票","B108","2015","2","Sun","20","109"
"臺中火車站","國立臺中科技大學","全票","B108","2015","4","Sun","20","207"
"臺中火車站","國立臺中科技大學","全票","B108","2015","5","Sun","20","262"
"臺中火車站","國立臺中科技大學","全票","B108","2015","10","Sun","20","290"
"臺中火車站","國立臺中科技大學","全票","B108","2015","11","Sun","20","230"
"臺中火車站","國立臺中科技大學","全票","B108","2015","12","Sun","20","149"
"臺中火車站","國立臺中科技大學","全票","B108","2015","1","Sun","21","82"
"臺中火車站","國立臺中科技大學","全票","B108","2015","2","Sun","21","32"
"臺中火車站","國立臺中科技大學","全票","B108","2015","4","Sun","21","101"
"臺中火車站","國立臺中科技大學","全票","B108","2015","5","Sun","21","153"
"臺中火車站","國立臺中科技大學","全票","B108","2015","10","Sun","21","147"
"臺中火車站","國立臺中科技大學","全票","B108","2015","11","Sun","21","166"
"臺中火車站","國立臺中科技大學","全票","B108","2015","12","Sun","21","83"
"臺中火車站","國立臺中科技大學","全票","B108","2015","1","Thu","6","164"
"臺中火車站","國立臺中科技大學","全票","B108","2015","2","Thu","6","45"
"臺中火車站","國立臺中科技大學","全票","B108","2015","4","Thu","6","247"
"臺中火車站","國立臺中科技大學","全票","B108","2015","5","Thu","6","121"
"臺中火車站","國立臺中科技大學","全票","B108","2015","10","Thu","6","165"
"臺中火車站","國立臺中科技大學","全票","B108","2015","11","Thu","6","135"
"臺中火車站","國立臺中科技大學","外縣敬老","B108","2015","10","Wed","17","1"
"臺中火車站","國立臺中科技大學","外縣敬老","B108","2015","11","Wed","17","3"
"臺中火車站","國立臺中科技大學","外縣敬老","B108","2015","12","Wed","17","1"
"臺中火車站","國立臺中科技大學","外縣敬老","B108","2015","1","Wed","18","1"
"臺中火車站","國立臺中科技大學","外縣敬老","B108","2015","4","Wed","18","2"
"臺中火車站","國立臺中科技大學","外縣敬老","B108","2015","5","Wed","18","3"
"臺中火車站","國立臺中科技大學","外縣敬老","B108","2015","10","Wed","18","3"
"臺中火車站","國立臺中科技大學","外縣敬老","B108","2015","11","Wed","18","4"
"臺中火車站","國立臺中科技大學","外縣敬老","B108","2015","12","Wed","18","9"
"臺中火車站","國立臺中科技大學","外縣敬老","B108","2015","1","Wed","19","2"
"臺中火車站","國立臺中科技大學","外縣敬老","B108","2015","4","Wed","19","4"
"臺中火車站","國立臺中科技大學","外縣敬老","B108","2015","5","Wed","19","2"
"臺中火車站","國立臺中科技大學","外縣敬老","B108","2015","11","Wed","19","1"
"臺中火車站","國立臺中科技大學","外縣敬老","B108","2015","12","Wed","19","3"
"臺中火車站","國立臺中科技大學","外縣敬老","B108","2015","2","Wed","20","3"
"臺中火車站","國立臺中科技大學","外縣敬老","B108","2015","4","Wed","20","1"
"臺中火車站","國立臺中科技大學","外縣敬老","B108","2015","5","Wed","20","2"
"臺中火車站","國立臺中科技大學","外縣敬老","B108","2015","10","Wed","20","1"
"臺中火車站","國立臺中科技大學","外縣敬老","B108","2015","11","Wed","20","3"
"臺中火車站","國立臺中科技大學","外縣敬老","B108","2015","12","Wed","20","2"
"臺中火車站","國立臺中科技大學","外縣敬老","B108","2015","4","Wed","21","1"
"臺中火車站","國立臺中科技大學","全票","B108","2015","12","Thu","6","174"
"臺中火車站","國立臺中科技大學","全票","B108","2015","1","Thu","7","109"
"臺中火車站","國立臺中科技大學","全票","B108","2015","2","Thu","7","76"
"臺中火車站","國立臺中科技大學","全票","B108","2015","4","Thu","7","84"
"臺中火車站","國立臺中科技大學","全票","B108","2015","5","Thu","7","88"
"臺中火車站","國立臺中科技大學","全票","B108","2015","10","Thu","7","142"
"臺中火車站","國立臺中科技大學","全票","B108","2015","11","Thu","7","112"
"臺中火車站","國立臺中科技大學","全票","B108","2015","12","Thu","7","121"
"臺中火車站","國立臺中科技大學","全票","B108","2015","1","Thu","8","60"
"臺中火車站","國立臺中科技大學","全票","B108","2015","2","Thu","8","39"
"臺中火車站","國立臺中科技大學","全票","B108","2015","4","Thu","8","55"
"臺中火車站","國立臺中科技大學","全票","B108","2015","5","Thu","8","66"
"臺中火車站","國立臺中科技大學","全票","B108","2015","10","Thu","8","75"
"臺中火車站","國立臺中科技大學","全票","B108","2015","11","Thu","8","55"
"臺中火車站","國立臺中科技大學","全票","B108","2015","12","Thu","8","64"
"臺中火車站","國立臺中科技大學","全票","B108","2015","1","Thu","9","49"
"臺中火車站","國立臺中科技大學","全票","B108","2015","2","Thu","9","28"
"臺中火車站","國立臺中科技大學","全票","B108","2015","4","Thu","9","37"
"臺中火車站","國立臺中科技大學","全票","B108","2015","5","Thu","9","34"
"臺中火車站","國立臺中科技大學","全票","B108","2015","10","Thu","9","51"
"臺中火車站","國立臺中科技大學","全票","B108","2015","11","Thu","9","45"
"臺中火車站","國立臺中科技大學","全票","B108","2015","12","Thu","9","75"
"臺中火車站","國立臺中科技大學","全票","B108","2015","1","Thu","10","54"
"臺中火車站","國立臺中科技大學","全票","B108","2015","2","Thu","10","37"
"臺中火車站","國立臺中科技大學","全票","B108","2015","4","Thu","10","58"
"臺中火車站","國立臺中科技大學","全票","B108","2015","5","Thu","10","31"
"臺中火車站","國立臺中科技大學","全票","B108","2015","10","Thu","10","51"
"臺中火車站","國立臺中科技大學","全票","B108","2015","11","Thu","10","25"
"臺中火車站","國立臺中科技大學","全票","B108","2015","12","Thu","10","53"
"臺中火車站","國立臺中科技大學","全票","B108","2015","1","Thu","11","36"
"臺中火車站","國立臺中科技大學","全票","B108","2015","2","Thu","11","43"
"臺中火車站","國立臺中科技大學","全票","B108","2015","4","Thu","11","50"
"臺中火車站","國立臺中科技大學","全票","B108","2015","5","Thu","11","19"
"臺中火車站","國立臺中科技大學","全票","B108","2015","10","Thu","11","43"
"臺中火車站","國立臺中科技大學","全票","B108","2015","11","Thu","11","31"
"臺中火車站","國立臺中科技大學","全票","B108","2015","12","Thu","11","46"
"臺中火車站","國立臺中科技大學","全票","B108","2015","2","Wed","14","36"
"臺中火車站","國立臺中科技大學","全票","B108","2015","4","Wed","14","27"
"臺中火車站","國立臺中科技大學","全票","B108","2015","5","Wed","14","33"
"臺中火車站","國立臺中科技大學","全票","B108","2015","10","Wed","14","23"
"臺中火車站","國立臺中科技大學","全票","B108","2015","11","Wed","14","28"
"臺中火車站","國立臺中科技大學","全票","B108","2015","12","Wed","14","19"
"臺中火車站","國立臺中科技大學","全票","B108","2015","1","Wed","15","30"
"臺中火車站","國立臺中科技大學","全票","B108","2015","2","Wed","15","60"
"臺中火車站","國立臺中科技大學","全票","B108","2015","4","Wed","15","36"
"臺中火車站","國立臺中科技大學","全票","B108","2015","5","Wed","15","24"
"臺中火車站","國立臺中科技大學","全票","B108","2015","10","Wed","15","21"
"臺中火車站","國立臺中科技大學","全票","B108","2015","11","Wed","15","32"
"臺中火車站","國立臺中科技大學","全票","B108","2015","12","Wed","15","47"
"臺中火車站","國立臺中科技大學","全票","B108","2015","1","Wed","16","104"
"臺中火車站","國立臺中科技大學","全票","B108","2015","2","Wed","16","108"
"臺中火車站","國立臺中科技大學","全票","B108","2015","4","Wed","16","144"
"臺中火車站","國立臺中科技大學","全票","B108","2015","5","Wed","16","118"
"臺中火車站","國立臺中科技大學","全票","B108","2015","10","Wed","16","133"
"臺中火車站","國立臺中科技大學","全票","B108","2015","11","Wed","16","131"
"臺中火車站","國立臺中科技大學","全票","B108","2015","12","Wed","16","148"
"臺中火車站","國立臺中科技大學","全票","B108","2015","1","Wed","17","73"
"臺中火車站","國立臺中科技大學","全票","B108","2015","2","Wed","17","55"
"臺中火車站","國立臺中科技大學","全票","B108","2015","4","Wed","17","115"
"臺中火車站","國立臺中科技大學","全票","B108","2015","5","Wed","17","82"
"臺中火車站","國立臺中科技大學","全票","B108","2015","10","Wed","17","97"
"臺中火車站","國立臺中科技大學","全票","B108","2015","11","Wed","17","105"
"臺中火車站","國立臺中科技大學","全票","B108","2015","12","Wed","17","130"
"臺中火車站","國立臺中科技大學","全票","B108","2015","1","Wed","18","97"
"臺中火車站","國立臺中科技大學","全票","B108","2015","2","Wed","18","79"
"臺中火車站","國立臺中科技大學","全票","B108","2015","4","Wed","18","101"
"臺中火車站","國立臺中科技大學","全票","B108","2015","5","Wed","18","63"
"臺中火車站","國立臺中科技大學","全票","B108","2015","10","Wed","18","54"
"臺中火車站","國立臺中科技大學","全票","B108","2015","11","Wed","18","71"
"臺中火車站","國立臺中科技大學","全票","B108","2015","12","Wed","18","101"
"臺中火車站","國立臺中科技大學","全票","B108","2015","1","Wed","19","52"
"臺中火車站","國立臺中科技大學","全票","B108","2015","2","Wed","19","54"
"臺中火車站","國立臺中科技大學","全票","B108","2015","4","Wed","19","73"
"臺中火車站","國立臺中科技大學","全票","B108","2015","5","Wed","19","56"
"臺中火車站","國立臺中科技大學","全票","B108","2015","10","Wed","19","43"
"臺中火車站","國立臺中科技大學","全票","B108","2015","11","Wed","19","60"
"臺中火車站","國立臺中科技大學","全票","B108","2015","12","Wed","19","76"
"臺中火車站","國立臺中科技大學","全票","B108","2015","1","Wed","20","111"
"臺中火車站","國立臺中科技大學","全票","B108","2015","2","Wed","20","106"
"臺中火車站","國立臺中科技大學","全票","B108","2015","4","Wed","20","148"
"臺中火車站","國立臺中科技大學","全票","B108","2015","5","Wed","20","78"
"臺中火車站","國立臺中科技大學","全票","B108","2015","10","Wed","20","147"
"臺中火車站","國立臺中科技大學","全票","B108","2015","11","Wed","20","145"
"臺中火車站","國立臺中科技大學","全票","B108","2015","12","Wed","20","162"
"臺中火車站","國立臺中科技大學","全票","B108","2015","1","Wed","21","88"
"臺中火車站","國立臺中科技大學","全票","B108","2015","2","Wed","21","61"
"臺中火車站","國立臺中科技大學","全票","B108","2015","4","Wed","21","139"
"臺中火車站","國立臺中科技大學","全票","B108","2015","5","Wed","21","75"
"臺中火車站","國立臺中科技大學","全票","B108","2015","10","Wed","21","81"
"臺中火車站","國立臺中科技大學","全票","B108","2015","11","Wed","21","106"
"臺中火車站","國立臺中科技大學","全票","B108","2015","12","Wed","21","182"
"臺中火車站","國立臺中科技大學","全票","B108","2015","12","Wed","22","100"